Chinese Character,Hanyu Pinyin
𡠞,fu2
𡠒,guan1
𡠙,tong1
𡟕,shi1
𡟟,cong1
𡞥,hou2
𡞧,zong1
𡟑,hou2
犭,quan3
氵,shui3
丨,gun3
丶,zhu3
丿,pie3
亅,jue2
亠,tou2
冫,bing1
㐨,xu4
㒁,yu3
一,yi1
𪛙,yi1
丁,ding1
丂,kao3
七,qi1
𠀂,yi3
丈,zhang4
三,san1
上,shang4
下,xia4
丌,ji1
𪛚,shang4
不,bu4
丏,mian3
丐,gai4
丑,chou3
𠀊,cao1
且,qie3
丕,pi1
世,shi4
丘,qiu1
丙,bing3
𠀏,tun2
𠀐,zhong1
㐁,tian4
丞,cheng2
𠀣,qi1
𪜄,po3
𠁁,dou4
𠁓,yu4
丨,gun3
丩,jiu1
丫,ya1
中,zhong1
丮,ji3
丯,jie4
丱,guan4
串,chuan4
丳,chan3
𠁭,qi2
丵,zhuo2
丶,zhu3
丷,ba1
丸,wan2
丹,dan1
主,zhu3
丼,dan3
𪜋,zhu3
𠂃,qiu2
𠂅,weng4
丿,pie3
乀,fu2
乂,yi4
乃,nai3
𠂆,yi4
久,jiu3
乇,zhe2
之,zhi1
尹,yin3
乍,zha4
乎,hu1
乏,fa2
𠂔,zi3
㐆,yin3
乑,yin2
乒,ping1
乓,pang1
𠂢,pai4
乖,guai1
𪜍,qian1
乘,cheng2
乙,yi3
𠃌,gun3
乜,mie1
九,jiu3
乞,qi3
也,ye3
乣,jiu1
㐌,yi2
乩,ji1
乪,nang2
乭,shi2
乯,hu1
㐖,xie2
乳,ru3
乴,xue2
乵,yan3
乸,na3
𠃺,jiu4
𤱡,tuo2
亃,lin3
亄,yi4
𠄅,ye4
𢆡,nian1
亅,jue2
𠄌,jue2
了,le5
𠄍,jie2
𠄏,diao3
𠄑,jue2
予,yu3
𠄖,ling2
𪜜,bei4
㐨,xu4
事,shi4
𠄚,ting1
𪜝,qi2
二,er4
亍,chu4
互,hu4
亓,qi2
五,wu3
井,jing3
些,xie1
㐩,xing2
亟,ji2
𠄮,mo3
𠄱,yi2
𪜞,zhen1
𪜟,shu2
亠,tou2
亡,wang2
亢,kang4
交,jiao1
亥,hai4
亦,yi4
亨,heng1
㐭,lin3
享,xiang3
京,jing1
𠅌,yi2
亭,ting2
亮,liang4
亳,bo2
𠅤,xi2
亴,you4
𠅬,Bao1
亶,dan3
𠆁,luo3
𠆎,wei2
𪜦,ting2
亹,wei3
人,ren2
亻,ren2
什,shen2
仁,ren2
仂,le4
仃,ding1
仄,ze4
仇,chou2
仈,Ba1
今,jin1
介,jie4
仍,reng2
𠆧,tu2
㐱,ling4
㐲,dai4
仔,zi3
仕,shi4
他,ta1
仗,zhang4
付,fu4
仙,xian1
仚,xian1
仛,cha4
仜,hong2
仝,tong2
仞,ren4
仟,qian1
仠,gan3
仡,yi4
仢,bo2
代,dai4
令,ling4
以,yi3
仨,sa1
仩,shang4
仫,mu4
𠆩,fan4
㐸,ci4
㐻,nei4
仯,chao4
仰,yang3
仱,qin2
仲,zhong4
仳,pi3
仴,wo4
仵,wu3
件,jian4
仸,yao3
仹,feng1
任,ren4
份,fen4
仿,fang3
伀,zhong1
伃,yu2
伄,diao4
伅,dun4
伆,wu4
伈,xin3
伉,kang4
伊,yi1
伋,ji2
伌,ai4
伍,wu3
伎,ji4
伏,fu2
休,xiu1
伒,jin4
伔,dan3
伕,fu1
伝,yun2
伢,ya2
伬,che3
𠆵,ni2
𠆶,dan4
𠆾,liu4
𠇋,dan3
㑁,zhuo1
伭,xian2
伯,bo2
估,gu1
伳,xie4
伴,ban4
伶,ling2
伷,zhou4
伸,shen1
伹,qu1
伺,si4
伻,beng1
似,si4
伽,qie2
伾,pi1
伿,yi4
佁,yi3
佂,zheng1
佃,tian2
佄,han1
佅,mai4
但,dan4
佉,qu1
佊,bi3
佋,zhao1
佌,ci3
位,wei4
低,di1
住,zhu4
佐,zuo3
佑,you4
佒,yang1
何,he2
佖,bi4
佗,tuo2
佘,She2
佚,yi4
佛,fo2
作,zuo4
佝,gou1
佞,ning4
佟,tong2
你,ni3
佡,xian1
佢,qu2
佤,wa3
佧,ka3
佨,bao1
𪜮,mu4
㑉,su4
㑊,yi4
㑋,qiong4
㑌,kuang1
㑍,lei3
㑎,nao3
㑓,jun4
佩,pei4
佪,hui2
佫,ge2
佬,lao3
佭,xiang2
佮,ge2
佯,yang2
佰,bai3
佳,jia1
佴,er4
佶,ji2
佷,hen3
佸,huo2
佹,gui3
佺,quan2
佻,tiao1
佼,jiao3
佽,ci4
佾,yi4
使,shi3
侀,xing2
侁,shen1
侂,tuo1
侃,kan3
侅,gai1
侇,yi2
侈,chi3
侉,kua3
侊,guang1
例,li4
侍,shi4
侎,mi3
侏,zhu1
侐,xu4
侑,you4
侒,an1
侓,lu4
侔,mou2
侕,er2
侗,tong2
侘,cha4
侙,chi1
侚,xun4
供,gong1
侜,zhou1
依,yi1
侞,ru2
侟,cun2
侫,ning4
鿇,zheng1
𠈅,shou1
𠈊,nie3
𠈬,xiao1
㑗,shen1
㑙,die2
㑚,nuo2
㑛,su4
㑜,yi4
㑝,long4
㑟,beng3
侮,wu3
侯,hou2
侱,cheng3
侲,zhen4
侳,zuo4
侴,chou3
侵,qin1
侸,dou1
侹,ting3
侺,shen4
侻,tuo1
侼,bo2
侾,xiao1
便,bian4
俀,tui3
促,cu4
俄,e2
俅,qiu2
俆,xu2
俇,guang4
俈,ku4
俉,wu3
俊,jun4
俋,yi4
俍,liang2
俎,zu3
俏,qiao4
俐,li4
俑,yong3
俒,hun4
俕,san4
俖,pei3
俗,su2
俘,fu2
俙,xi1
俚,li3
俜,ping1
保,bao3
俞,yu2
俟,si4
信,xin4
俤,di4
俧,zhi4
俬,si1
𠈭,lao2
𠈰,dan4
𠈱,suo1
𠈵,mang3
𠈶,yi2
𠈸,te4
𠈺,bi4
㑣,lan2
㑥,yi4
㑦,li4
㑧,ji4
㑨,yu3
修,xiu1
俯,fu3
俰,huo4
俱,ju4
俳,pai2
俵,biao4
俶,chu4
俷,fei4
俸,feng4
俺,an3
俾,bi3
俿,chi2
倁,zhi1
倄,yao2
倅,cui4
倇,wan3
倊,zong4
倌,guan1
倍,bei4
倏,shu1
倐,shu1
倒,dao3
倓,tan2
倔,jue2
倕,chui2
倗,peng2
倘,tang3
候,hou4
倚,yi3
倛,qi1
倜,ti4
倝,gan4
倞,jing4
借,jie4
倠,hui1
倡,chang4
倢,jie2
倥,kong1
倦,juan4
倧,zong1
倨,ju4
倩,qian4
倪,ni2
倬,zhuo1
倭,wo1
倮,luo3
倯,song1
倰,leng2
倱,hun4
倳,zi4
倴,ben1
倵,wu3
倷,nai3
值,zhi2
倽,sha4
𠉤,da2
𠊎,ai2
㑰,hui4
㑱,rao3
倻,ye1
偁,cheng1
偃,yan3
偄,ruan3
偅,zhong4
偆,chun1
假,jia3
偈,ji4
偊,yu3
偋,bing4
偌,ruo4
偍,ti2
偎,wei1
偏,pian1
偐,yan4
偓,wo4
偔,e4
偕,xie2
偖,che3
偗,sheng3
偙,di4
做,zuo4
偛,cha1
停,ting2
偝,bei4
偞,xie4
偟,huang2
偠,yao3
偡,zhan4
偢,chou3
偣,yan1
偤,you2
健,jian4
偦,xu3
偨,ci1
偪,bi1
偫,zhi4
偭,mian3
偮,ji2
偯,yi3
偰,xie4
偱,xun2
偲,si1
偳,duan1
偶,ou3
偷,tou1
偹,bei4
𠊧,bing4
𠊫,qiong2
𠊬,jue2
𠊰,gua3
𠊲,tu1
𠋧,qie1
𱎼,ge3
㑵,han4
㑸,yao2
傀,kui3
傂,zhi4
傃,su4
傄,xia1
傅,fu4
傆,yuan4
傇,rong3
傈,li4
傉,nu4
傊,yun4
傋,jiang3
傍,bang4
傎,dian1
傏,tang2
傐,hao4
傒,xi1
傔,qian4
傕,jue2
傗,chu4
傛,rong2
傜,yao2
傝,tan4
傞,suo1
傣,dai3
傦,gu3
鿘,hi1
𠋲,suo3
𠋵,qian3
𠌕,gong4
𠌖,qiong2
㑻,ma4
㑼,lüe4
㑾,yao2
㑿,zhao4
㒀,zhai1
㒁,yu3
傫,lei3
催,cui1
傰,beng1
傲,ao4
傸,chuang3
傺,chi4
傻,sha3
傼,han4
傽,zhang1
傿,yan4
僁,xie4
僄,piao4
僇,lu4
僈,man2
僋,tan4
僌,ying2
鿙,ki1
𠌮,zhe1
𠌯,li2
𠌽,fu4
㒂,zhuo2
㒃,er4
㒄,ran3
㒅,qi3
㒆,chi4
㒇,wu3
㒈,han4
㒊,se4
㒋,si1
㒍,lei2
㒎,sa4
㒐,xun4
僎,zhuan4
像,xiang4
僐,shan4
僒,jiong3
僔,zun3
僖,xi1
僙,guang1
僚,liao2
僛,qi1
僜,cheng1
僝,zhuan4
僠,bo1
僢,chuan3
僣,tie3
僦,jiu4
僧,seng1
僪,ju2
僬,jiao1
僭,jian4
僮,tong2
僯,lin3
僰,bo2
僳,su4
𠍯,bie2
𠍲,qu2
𠍹,zha2
㒑,hui4
㒔,shu3
㒕,yang1
僵,jiang1
僷,ye4
僸,jin4
僺,qiao4
僻,pi4
僼,feng1
僽,zhou1
僿,sai4
儃,chan2
儆,jing3
儇,xuan1
儊,chu4
儋,dan1
儏,can4
㒙,mian2
㒚,wen3
㒛,diao4
儑,an2
儒,ru2
儓,tai2
儙,qian4
儚,meng2
儛,wu3
儝,qiong2
鿚,gi1
㒝,mie4
㒞,jun4
儠,lie4
儡,lei3
儤,bao4
儦,biao1
儧,zan3
儬,qing4
㒟,niao3
㒠,xie4
儯,teng2
𠐺,pin2
㒡,you2
儳,chan2
儴,rang2
𠑄,xie4
㒤,che4
㒦,lei3
儶,hui4
儽,lei3
儾,nang4
兀,wu4
允,yun3
元,yuan2
兄,xiong1
𠑷,chang2
充,chong1
兆,zhao4
先,xian1
光,guang1
𠑹,gu3
克,ke4
免,mian3
㒬,wang1
兓,jin1
兔,tu4
兕,si4
兜,dou1
兟,shen1
兢,jing1
𠒸,rao3
𠒾,fan4
𠒿,di2
𠓖,lan2
入,ru4
全,quan2
氽,tun3
㒴,gu3
𠓿,qin2
八,ba1
公,gong1
六,liu4
兮,xi1
共,gong4
兵,bing1
其,qi2
具,ju4
典,dian3
㒸,sui4
兼,jian1
冀,ji4
冂,jiong1
𠔼,mao3
円,yuan2
冇,mao3
冉,ran3
𠕁,cong2
𠕄,na4
𠕇,dian4
再,zai4
冑,zhou4
冒,mao4
冓,gou4
冔,xu3
㒼,man2
冕,mian3
㒽,quan1
最,zui4
㒾,shi4
㓁,wang3
冗,rong3
冘,yin2
冚,kan3
𠖂,liao2
冞,mi2
𠖄,tong2
冠,guan1
冡,meng2
冢,zhong3
冤,yuan1
冥,ming2
冧,lin2
㓃,du4
𠖫,gan3
冫,bing1
㓅,ting1
冬,dong1
冮,gang1
冰,bing1
冱,hu4
㓈,bing4
冶,ye3
冷,leng3
冹,fu2
㓉,huo4
㓊,dong4
㓋,gong4
㓌,cheng1
冼,xian3
冽,lie4
冿,jian1
㓎,qin1
㓏,jiong3
凁,sou1
凂,mei3
凃,tu2
㓐,lu4
㓑,xing4
凅,gu4
凇,song1
凊,qing4
凋,diao1
凎,gan4
㓓,nan2
凐,yin1
凓,li4
凕,ming3
凗,cui2
𠗻,xuan2
凘,si1
凚,jin4
凝,ning2
凞,xi1
𠘥,yan2
鿛,ring2
𠘧,shu1
凡,fan2
𪛝,fan2
凩,mu4
凪,zhi3
𠘺,suo4
凰,huang2
凳,deng4
凵,qian3
𠙶,ou3
凸,tu1
凹,ao1
出,chu1
凼,dang4
函,han2
刀,dao1
刁,diao1
刂,dao1
刃,ren4
刅,chuang1
分,fen1
切,qie1
刈,yi4
㓚,gong1
刊,kan1
刋,qian4
刌,cun3
㓞,qia4
刎,wen3
刏,ji1
刐,dan3
刑,xing2
刓,wan2
刔,jue2
刕,li2
刖,yue4
列,lie4
𠚹,shan4
𠚺,sha4
㓟,pi2
㓠,dian4
刜,fu2
初,chu1
刞,qu3
刟,diao1
刡,min3
刢,ling2
刣,zhong1
判,pan4
刨,pao2
利,li4
𠛒,gua1
𠛓,liu3
㓡,fu3
㓢,luo4
㓣,qia4
㓤,qia4
㓦,bai1
刮,gua1
刯,gen1
到,dao4
刲,kui1
刳,ku1
刵,er4
制,zhi4
刷,shua1
刺,ci4
剁,duo4
𠛪,tiao1
𠜅,jiao3
𠜎,xian4
㓧,gan1
㓩,xuan1
㓪,lang3
剃,ti4
剅,lou2
剆,gen1
剈,yuan1
剉,cuo4
削,xiao1
剌,la4
前,qian2
㓭,he2
剒,cuo4
剔,ti1
剕,fei4
剘,qi2
剚,zi4
剜,wan1
剞,ji1
剟,duo1
剡,yan3
剢,du1
𠜱,pi1
𠜴,guo3
𠜼,qia1
㓱,tou2
㓲,pian1
㓳,di1
㓴,ruan3
㓵,e4
剨,huo4
剪,jian3
剫,duo2
剬,duan1
剭,chuang1
副,fu4
剶,chuan1
𠝹,jie4
㓷,yi4
㓸,zhuo1
㓹,rui4
㓺,jian1
剩,sheng4
割,ge1
㓼,chi4
㓽,chong2
剺,li2
剻,fou2
𠞩,shuai4
𠞭,lou2
𠞯,suo3
㓾,xi1
㔀,liang4
㔁,deng1
㔂,lin2
㔄,su4
㔆,zan4
劀,gua1
劁,qiao2
劂,jue2
劄,zha2
㔊,zhan3
劅,pi3
劆,lian2
劈,pi1
劋,jiao3
㔌,zou4
㔍,chua1
劐,huo1
劓,yi4
𠠁,xian3
𠠃,qian1
𠠄,zhao4
㔎,xie4
㔏,li4
劕,zhi4
劖,chan2
㔒,xi2
劘,mo2
劙,li2
力,li4
劜,ya1
㔓,jian3
㘞,huo4
功,gong1
加,jia1
𠆮,mo4
㔕,ji2
劣,lie4
劤,jin4
劥,keng1
劦,xie2
劧,zhi3
㔗,fei4
㔘,chu4
助,zhu4
努,nu3
劫,jie2
劬,qu2
劭,shao4
劯,zhu3
劰,miao3
㔙,beng1
㔚,jie2
劶,jin4
劷,yang2
劸,wa1
劺,mou2
劻,kuang1
劼,jie2
劽,lie4
劾,he2
𠡒,dui3
勂,gao4
勃,bo2
勆,lang2
勇,yong3
勉,mian3
𠡡,can2
㔞,kuai4
勍,qing2
勏,pou3
勐,meng3
㔠,xia1
勒,le4
勓,kai4
勖,xu4
勘,kan1
㔡,bie1
𡠞,fu2
𡠒,guan1
𡠙,tong1
𡟕,shi1
𡟟,cong1
𡞥,hou2
𡞧,zong1
𡟑,hou2
犭,quan3
氵,shui3
丨,gun3
丶,zhu3
丿,pie3
亅,jue2
亠,tou2
冫,bing1
㐨,xu4
㒁,yu3
一,yi1
𪛙,yi1
丁,ding1
丂,kao3
七,qi1
𠀂,yi3
丈,zhang4
三,san1
上,shang4
下,xia4
丌,ji1
𪛚,shang4
不,bu4
丏,mian3
丐,gai4
丑,chou3
𠀊,cao1
且,qie3
丕,pi1
世,shi4
丘,qiu1
丙,bing3
𠀏,tun2
𠀐,zhong1
㐁,tian4
丞,cheng2
𠀣,qi1
𪜄,po3
𠁁,dou4
𠁓,yu4
丨,gun3
丩,jiu1
丫,ya1
中,zhong1
丮,ji3
丯,jie4
丱,guan4
串,chuan4
丳,chan3
𠁭,qi2
丵,zhuo2
丶,zhu3
丷,ba1
丸,wan2
丹,dan1
主,zhu3
丼,dan3
𪜋,zhu3
𠂃,qiu2
𠂅,weng4
丿,pie3
乀,fu2
乂,yi4
乃,nai3
𠂆,yi4
久,jiu3
乇,zhe2
之,zhi1
尹,yin3
乍,zha4
乎,hu1
乏,fa2
𠂔,zi3
㐆,yin3
乑,yin2
乒,ping1
乓,pang1
𠂢,pai4
乖,guai1
𪜍,qian1
乘,cheng2
乙,yi3
𠃌,gun3
乜,mie1
九,jiu3
乞,qi3
也,ye3
乣,jiu1
㐌,yi2
乩,ji1
乪,nang2
乭,shi2
乯,hu1
㐖,xie2
乳,ru3
乴,xue2
乵,yan3
乸,na3
𠃺,jiu4
𤱡,tuo2
亃,lin3
亄,yi4
𠄅,ye4
𢆡,nian1
亅,jue2
𠄌,jue2
了,le5／le0
𠄍,jie2
𠄏,diao3
𠄑,jue2
予,yu3
𠄖,ling2
𪜜,bei4
㐨,xu4
事,shi4
𠄚,ting1
𪜝,qi2
二,er4
亍,chu4
互,hu4
亓,qi2
五,wu3
井,jing3
些,xie1
㐩,xing2
亟,ji2
𠄮,mo3
𠄱,yi2
𪜞,zhen1
𪜟,shu2
亠,tou2
亡,wang2
亢,kang4
交,jiao1
亥,hai4
亦,yi4
亨,heng1
㐭,lin3
享,xiang3
京,jing1
𠅌,yi2
亭,ting2
亮,liang4
亳,bo2
𠅤,xi2
亴,you4
𠅬,Bao1
亶,dan3
𠆁,luo3
𠆎,wei2
𪜦,ting2
亹,wei3
人,ren2
亻,ren2
什,shen2
仁,ren2
仂,le4
仃,ding1
仄,ze4
仇,chou2
仈,Ba1
今,jin1
介,jie4
仍,reng2
𠆧,tu2
㐱,ling4
㐲,dai4
仔,zi3
仕,shi4
他,ta1
仗,zhang4
付,fu4
仙,xian1
仚,xian1
仛,cha4
仜,hong2
仝,tong2
仞,ren4
仟,qian1
𡠞,fu2
𡠒,guan1
𡠙,tong1
𡟕,shi1
𡟟,cong1
𡞥,hou2
𡞧,zong1
𡟑,hou2
犭,quan3
氵,shui3
丨,gun3
丶,zhu3
丿,pie3
亅,jue2
亠,tou2
冫,bing1
㐨,xu4
㒁,yu3
仠,gan3
仡,yi4
仢,bo2
代,dai4
令,ling4
以,yi3
仨,sa1
仩,shang4
仫,mu4
𠆩,fan4
㐸,ci4
㐻,nei4
仯,chao4
仰,yang3
仱,qin2
仲,zhong4
仳,pi3
仴,wo4
仵,wu3
件,jian4
仸,yao3
仹,feng1
任,ren4
份,fen4
仿,fang3
伀,zhong1
伃,yu2
伄,diao4
伅,dun4
伆,wu4
伈,xin3
伉,kang4
伊,yi1
伋,ji2
伌,ai4
伍,wu3
伎,ji4
伏,fu2
休,xiu1
伒,jin4
伔,dan3
伕,fu1
伝,yun2
伢,ya2
伬,che3
𠆵,ni2
𠆶,dan4
𠆾,liu4
𠇋,dan3
㑁,zhuo1
伭,xian2
伯,bo2
估,gu1
伳,xie4
伴,ban4
伶,ling2
伷,zhou4
伸,shen1
伹,qu1
伺,si4
伻,beng1
似,si4
伽,qie2
伾,pi1
伿,yi4
佁,yi3
佂,zheng1
佃,tian2
佄,han1
佅,mai4
但,dan4
佉,qu1
佊,bi3
佋,zhao1
佌,ci3
位,wei4
低,di1
住,zhu4
佐,zuo3
佑,you4
佒,yang1
何,he2
佖,bi4
佗,tuo2
佘,She2
佚,yi4
佛,fo2
作,zuo4
佝,gou1
佞,ning4
佟,tong2
你,ni3
佡,xian1
佢,qu2
佤,wa3
佧,ka3
佨,bao1
𪜮,mu4
㑉,su4
㑊,yi4
㑋,qiong4
㑌,kuang1
㑍,lei3
㑎,nao3
㑓,jun4
佩,pei4
佪,hui2
佫,ge2
佬,lao3
佭,xiang2
佮,ge2
佯,yang2
佰,bai3
佳,jia1
佴,er4
佶,ji2
佷,hen3
佸,huo2
佹,gui3
佺,quan2
佻,tiao1
佼,jiao3
佽,ci4
佾,yi4
使,shi3
侀,xing2
侁,shen1
侂,tuo1
侃,kan3
侅,gai1
侇,yi2
侈,chi3
侉,kua3
侊,guang1
例,li4
侍,shi4
侎,mi3
侏,zhu1
侐,xu4
侑,you4
侒,an1
侓,lu4
侔,mou2
侕,er2
侗,tong2
侘,cha4
侙,chi1
侚,xun4
供,gong1
侜,zhou1
依,yi1
侞,ru2
侟,cun2
侫,ning4
鿇,zheng1
𠈅,shou1
𠈊,nie3
𠈬,xiao1
㑗,shen1
㑙,die2
㑚,nuo2
㑛,su4
㑜,yi4
㑝,long4
㑟,beng3
侮,wu3
侯,hou2
侱,cheng3
侲,zhen4
侳,zuo4
侴,chou3
侵,qin1
侸,dou1
侹,ting3
侺,shen4
𡠞,fu2
𡠒,guan1
𡠙,tong1
𡟕,shi1
𡟟,cong1
𡞥,hou2
𡞧,zong1
𡟑,hou2
犭,quan3
氵,shui3
丨,gun3
丶,zhu3
丿,pie3
亅,jue2
亠,tou2
冫,bing1
㐨,xu4
㒁,yu3
侻,tuo1
侼,bo2
侾,xiao1
便,bian4
俀,tui3
促,cu4
俄,e2
俅,qiu2
俆,xu2
俇,guang4
俈,ku4
俉,wu3
俊,jun4
俋,yi4
俍,liang2
俎,zu3
俏,qiao4
俐,li4
俑,yong3
俒,hun4
俕,san4
俖,pei3
俗,su2
俘,fu2
俙,xi1
俚,li3
俜,ping1
保,bao3
俞,yu2
俟,si4
信,xin4
俤,di4
俧,zhi4
俬,si1
𠈭,lao2
𠈰,dan4
𠈱,suo1
𠈵,mang3
𠈶,yi2
𠈸,te4
𠈺,bi4
㑣,lan2
㑥,yi4
㑦,li4
㑧,ji4
㑨,yu3
修,xiu1
俯,fu3
俰,huo4
俱,ju4
俳,pai2
俵,biao4
俶,chu4
俷,fei4
俸,feng4
俺,an3
俾,bi3
俿,chi2
倁,zhi1
倄,yao2
倅,cui4
倇,wan3
倊,zong4
倌,guan1
倍,bei4
倏,shu1
倐,shu1
倒,dao3
倓,tan2
倔,jue2
倕,chui2
倗,peng2
倘,tang3
候,hou4
倚,yi3
倛,qi1
倜,ti4
倝,gan4
倞,jing4
借,jie4
倠,hui1
倡,chang4
倢,jie2
倥,kong1
倦,juan4
倧,zong1
倨,ju4
倩,qian4
倪,ni2
倬,zhuo1
倭,wo1
倮,luo3
倯,song1
倰,leng2
倱,hun4
倳,zi4
倴,ben1
倵,wu3
倷,nai3
值,zhi2
倽,sha4
𠉤,da2
𠊎,ai2
㑰,hui4
㑱,rao3
倻,ye1
偁,cheng1
偃,yan3
偄,ruan3
偅,zhong4
偆,chun1
假,jia3
偈,ji4
偊,yu3
偋,bing4
偌,ruo4
偍,ti2
偎,wei1
偏,pian1
偐,yan4
偓,wo4
偔,e4
偕,xie2
偖,che3
偗,sheng3
偙,di4
做,zuo4
偛,cha1
停,ting2
偝,bei4
偞,xie4
偟,huang2
偠,yao3
偡,zhan4
偢,chou3
偣,yan1
偤,you2
健,jian4
偦,xu3
偨,ci1
偪,bi1
偫,zhi4
偭,mian3
偮,ji2
偯,yi3
偰,xie4
偱,xun2
偲,si1
偳,duan1
偶,ou3
偷,tou1
偹,bei4
𠊧,bing4
𠊫,qiong2
𠊬,jue2
𠊰,gua3
𠊲,tu1
𠋧,qie1
𱎼,ge3
㑵,han4
㑸,yao2
傀,kui3
傂,zhi4
傃,su4
傄,xia1
傅,fu4
傆,yuan4
傇,rong3
傈,li4
傉,nu4
傊,yun4
𡠞,fu2
𡠒,guan1
𡠙,tong1
𡟕,shi1
𡟟,cong1
𡞥,hou2
𡞧,zong1
𡟑,hou2
犭,quan3
氵,shui3
丨,gun3
丶,zhu3
丿,pie3
亅,jue2
亠,tou2
冫,bing1
㐨,xu4
㒁,yu3
傋,jiang3
傍,bang4
傎,dian1
傏,tang2
傐,hao4
傒,xi1
傔,qian4
傕,jue2
傗,chu4
傛,rong2
傜,yao2
傝,tan4
傞,suo1
傣,dai3
傦,gu3
鿘,hi1
𠋲,suo3
𠋵,qian3
𠌕,gong4
𠌖,qiong2
㑻,ma4
㑼,lüe4
㑾,yao2
㑿,zhao4
㒀,zhai1
㒁,yu3
傫,lei3
催,cui1
傰,beng1
傲,ao4
傸,chuang3
傺,chi4
傻,sha3
傼,han4
傽,zhang1
傿,yan4
僁,xie4
僄,piao4
僇,lu4
僈,man2
僋,tan4
僌,ying2
鿙,ki1
𠌮,zhe1
𠌯,li2
𠌽,fu4
㒂,zhuo2
㒃,er4
㒄,ran3
㒅,qi3
㒆,chi4
㒇,wu3
㒈,han4
㒊,se4
㒋,si1
㒍,lei2
㒎,sa4
㒐,xun4
僎,zhuan4
像,xiang4
僐,shan4
僒,jiong3
僔,zun3
僖,xi1
僙,guang1
僚,liao2
僛,qi1
僜,cheng1
僝,zhuan4
僠,bo1
僢,chuan3
僣,tie3
僦,jiu4
僧,seng1
僪,ju2
僬,jiao1
僭,jian4
僮,tong2
僯,lin3
僰,bo2
僳,su4
𠍯,bie2
𠍲,qu2
𠍹,zha2
㒑,hui4
㒔,shu3
㒕,yang1
僵,jiang1
僷,ye4
僸,jin4
僺,qiao4
僻,pi4
僼,feng1
僽,zhou1
僿,sai4
儃,chan2
儆,jing3
儇,xuan1
儊,chu4
儋,dan1
儏,can4
㒙,mian2
㒚,wen3
㒛,diao4
儑,an2
儒,ru2
儓,tai2
儙,qian4
儚,meng2
儛,wu3
儝,qiong2
鿚,gi1
㒝,mie4
㒞,jun4
儠,lie4
儡,lei3
儤,bao4
儦,biao1
儧,zan3
儬,qing4
㒟,niao3
㒠,xie4
儯,teng2
𠐺,pin2
㒡,you2
儳,chan2
儴,rang2
𠑄,xie4
㒤,che4
㒦,lei3
儶,hui4
𡠞,fu2
𡠒,guan1
𡠙,tong1
𡟕,shi1
𡟟,cong1
𡞥,hou2
𡞧,zong1
𡟑,hou2
犭,quan3
氵,shui3
丨,gun3
丶,zhu3
丿,pie3
亅,jue2
亠,tou2
冫,bing1
㐨,xu4
㒁,yu3
儽,lei3
儾,nang4
兀,wu4
允,yun3
元,yuan2
兄,xiong1
𠑷,chang2
充,chong1
兆,zhao4
先,xian1
光,guang1
𠑹,gu3
克,ke4
免,mian3
㒬,wang1
兓,jin1
兔,tu4
兕,si4
兜,dou1
兟,shen1
兢,jing1
𠒸,rao3
𠒾,fan4
𠒿,di2
𠓖,lan2
入,ru4
全,quan2
氽,tun3
㒴,gu3
𠓿,qin2
八,ba1
公,gong1
六,liu4
兮,xi1
共,gong4
兵,bing1
其,qi2
具,ju4
典,dian3
㒸,sui4
兼,jian1
冀,ji4
冂,jiong1
𠔼,mao3
円,yuan2
冇,mao3
冉,ran3
𠕁,cong2
𠕄,na4
𠕇,dian4
再,zai4
冑,zhou4
冒,mao4
冓,gou4
冔,xu3
㒼,man2
冕,mian3
㒽,quan1
最,zui4
㒾,shi4
㓁,wang3
冗,rong3
冘,yin2
冚,kan3
𠖂,liao2
冞,mi2
𠖄,tong2
冠,guan1
冡,meng2
冢,zhong3
冤,yuan1
冥,ming2
冧,lin2
㓃,du4
𠖫,gan3
冫,bing1
㓅,ting1
冬,dong1
冮,gang1
冰,bing1
冱,hu4
㓈,bing4
冶,ye3
冷,leng3
冹,fu2
㓉,huo4
㓊,dong4
㓋,gong4
㓌,cheng1
冼,xian3
冽,lie4
冿,jian1
㓎,qin1
㓏,jiong3
凁,sou1
凂,mei3
凃,tu2
㓐,lu4
㓑,xing4
凅,gu4
凇,song1
凊,qing4
凋,diao1
凎,gan4
㓓,nan2
凐,yin1
凓,li4
凕,ming3
凗,cui2
𠗻,xuan2
凘,si1
凚,jin4
凝,ning2
凞,xi1
𠘥,yan2
鿛,ring2
𠘧,shu1
凡,fan2
𪛝,fan2
凩,mu4
凪,zhi3
𠘺,suo4
凰,huang2
凳,deng4
凵,qian3
𠙶,ou3
凸,tu1
凹,ao1
出,chu1
凼,dang4
函,han2
刀,dao1
刁,diao1
刂,dao1
刃,ren4
刅,chuang1
分,fen1
切,qie1
刈,yi4
㓚,gong1
刊,kan1
刋,qian4
刌,cun3
㓞,qia4
刎,wen3
刏,ji1
刐,dan3
刑,xing2
刓,wan2
刔,jue2
刕,li2
刖,yue4
列,lie4
𠚹,shan4
𠚺,sha4
㓟,pi2
㓠,dian4
刜,fu2
初,chu1
𡠞,fu2
𡠒,guan1
𡠙,tong1
𡟕,shi1
𡟟,cong1
𡞥,hou2
𡞧,zong1
𡟑,hou2
犭,quan3
氵,shui3
丨,gun3
丶,zhu3
丿,pie3
亅,jue2
亠,tou2
冫,bing1
㐨,xu4
㒁,yu3
刞,qu3
刟,diao1
刡,min3
刢,ling2
刣,zhong1
判,pan4
刨,pao2
利,li4
𠛒,gua1
𠛓,liu3
㓡,fu3
㓢,luo4
㓣,qia4
㓤,qia4
㓦,bai1
刮,gua1
刯,gen1
到,dao4
刲,kui1
刳,ku1
刵,er4
制,zhi4
刷,shua1
刺,ci4
剁,duo4
𠛪,tiao1
𠜅,jiao3
𠜎,xian4
㓧,gan1
㓩,xuan1
㓪,lang3
剃,ti4
剅,lou2
剆,gen1
剈,yuan1
剉,cuo4
削,xiao1
剌,la4
前,qian2
㓭,he2
剒,cuo4
剔,ti1
剕,fei4
剘,qi2
剚,zi4
剜,wan1
剞,ji1
剟,duo1
剡,yan3
剢,du1
𠜱,pi1
𠜴,guo3
𠜼,qia1
㓱,tou2
㓲,pian1
㓳,di1
㓴,ruan3
㓵,e4
剨,huo4
剪,jian3
剫,duo2
剬,duan1
剭,chuang1
副,fu4
剶,chuan1
𠝹,jie4
㓷,yi4
㓸,zhuo1
㓹,rui4
㓺,jian1
剩,sheng4
割,ge1
㓼,chi4
㓽,chong2
剺,li2
剻,fou2
𠞩,shuai4
𠞭,lou2
𠞯,suo3
㓾,xi1
㔀,liang4
㔁,deng1
㔂,lin2
㔄,su4
㔆,zan4
劀,gua1
劁,qiao2
劂,jue2
劄,zha2
㔊,zhan3
劅,pi3
劆,lian2
劈,pi1
劋,jiao3
㔌,zou4
㔍,chua1
劐,huo1
劓,yi4
𠠁,xian3
𠠃,qian1
𠠄,zhao4
㔎,xie4
㔏,li4
劕,zhi4
劖,chan2
㔒,xi2
劘,mo2
劙,li2
力,li4
劜,ya1
㔓,jian3
㘞,huo4
功,gong1
加,jia1
𠆮,mo4
㔕,ji2
劣,lie4
劤,jin4
劥,keng1
劦,xie2
劧,zhi3
㔗,fei4
㔘,chu4
助,zhu4
努,nu3
劫,jie2
劬,qu2
劭,shao4
劯,zhu3
劰,miao3
㔙,beng1
㔚,jie2
劶,jin4
劷,yang2
劸,wa1
劺,mou2
劻,kuang1
劼,jie2
劽,lie4
劾,he2
𠡒,dui3
勂,gao4
勃,bo2
勆,lang2
勇,yong3
勉,mian3
𠡡,can2
㔞,kuai4
勍,qing2
勏,pou3
勐,meng3
㔠,xia1
勒,le4
勓,kai4
勖,xu4
勘,kan1
㔡,bie1
𡠞,fu2
𡠒,guan1
𡠙,tong1
𡟕,shi1
𡟟,cong1
𡞥,hou2
𡞧,zong1
𡟑,hou2
犭,quan3
氵,shui3
丨,gun3
丶,zhu3
丿,pie3
亅,jue2
亠,tou2
冫,bing1
㐨,xu4
㒁,yu3
勜,weng3
募,mu4
勠,lu4
勡,piao4
勤,qin2
勥,qiang3
𠢕,hao2
勨,xiang4
勪,jue2
勫,fan2
勬,juan1
勭,tong2
𠢤,jue2
勮,ju4
勯,dan1
勰,xie2
㔣,lei2
㔥,bai4
㔦,yang3
勶,che4
𠢹,ke4
㔧,lü4
勷,rang2
𪟧,nao4
勺,shao2
勼,jiu1
勽,bao4
勾,gou1
勿,wu4
包,bao1
匆,cong1
匈,xiong1
匉,peng1
匊,ju1
匋,tao2
匌,ge2
𠣘,zhou1
匍,pu2
匎,an4
㔨,bei4
匏,pao2
匐,fu2
㔩,e4
匑,gong1
匒,da2
㔪,lu3
匓,jiu4
匔,gong1
匕,bi3
化,hua4
𠤏,bao3
北,bei3
㔭,che4
匙,chi2
匚,fang1
匛,jiu4
匜,yi2
匝,za1
匠,jiang4
匡,kuang1
匢,hu1
㔯,xuan2
匣,xia2
匤,qu1
𪟮,yang2
匧,qie4
匨,zang1
匪,fei3
𠥍,e1
㔱,yu3
匬,yu3
㔲,gui3
㔳,gui3
㔴,yi4
㔵,xuan3
匴,suan3
匶,jiu4
匷,jue2
匸,xi4
匹,pi3
㔷,lou4
匼,ke1
匽,yan3
匾,bian3
匿,ni4
㔸,ti1
十,shi2
千,qian1
㔹,le4
卅,sa4
午,wu3
𠥿,shi2
卉,hui4
半,ban4
卌,xi4
卍,wan4
卐,wan4
𠦆,ban1
𠦒,ban1
卑,bei1
卒,zu2
南,nan2
卙,ji2
博,bo2
卜,bu3
卞,bian4
卟,ji1
卡,ka3
卣,you3
卦,gua4
𠧩,hui4
𠧪,tiao2
𠨌,sui1
㔾,xian1
卬,ang2
𠨍,qing1
卭,qiong2
卮,zhi1
卯,mao3
印,yin4
𠨕,ji4
卲,shao4
即,ji2
卵,luan3
卶,chi3
卷,juan3
卸,xie4
卼,wu4
卿,qing1
卾,e4
厃,wei3
厄,e4
𠨭,ju2
㕂,yin2
㕃,xi1
㕄,zhi3
厊,ya3
㕅,jia2
㕆,hu4
㕇,la1
厎,di3
厏,zha3
厑,ya2
㕈,yi3
㕉,ke4
厒,qie4
厓,ya2
厔,zhi4
㕊,fu1
厖,mang2
厗,ti2
厚,hou4
㕋,qin2
㕌,ai4
厜,zui1
厝,cuo4
厞,fei4
原,yuan2
虒,si1
𠩺,xi1
㕎,e4
厤,li4
厥,jue2
厧,dian1
㕏,chu2
𡠞,fu2
𡠒,guan1
𡠙,tong1
𡟕,shi1
𡟟,cong1
𡞥,hou2
𡞧,zong1
𡟑,hou2
犭,quan3
氵,shui3
丨,gun3
丶,zhu3
丿,pie3
亅,jue2
亠,tou2
冫,bing1
㐨,xu4
㒁,yu3
㕐,xie3
厬,gui3
𠪚,yin2
㕓,chan2
厸,miao3
厹,qiu2
去,qu4
𠫛,bai3
厽,lei1
厾,du1
叀,zhuan1
㕖,su4
㕗,you4
㕙,jun4
又,you4
叉,cha1
及,ji2
友,you3
反,fan3
𠬛,mo4
𠬢,tao1
𠬪,biao4
叕,zhuo2
取,qu3
受,shou4
㕟,kui4
叚,jia3
叛,pan4
叝,ji2
叟,sou3
𠭗,jing3
壡,rui4
口,kou3
㕣,yan3
㕤,qiu2
古,gu3
句,ju4
另,ling4
叨,dao1
叩,kou4
只,zhi3
叫,jiao4
召,zhao4
叭,ba1
叮,ding1
可,ke3
叱,chi4
史,shi3
右,you4
叴,qiu2
叵,po3
司,si1
叺,chi3
叻,le4
叼,diao1
𠙼,gua3
𠮠,bai3
𫜸,hua4
㕦,hua4
㕧,xi1
㕨,fan4
叿,hong1
吂,mang2
吃,chi1
各,ge4
吆,yao1
吇,zi3
合,he2
吉,ji2
吊,diao4
吋,cun4
同,tong2
名,ming2
吏,li4
吐,tu3
向,xiang4
吒,zha4
吔,ye1
吖,ya1
𠮵,mang4
𠯃,wu3
𪛗,he2
㕩,pang4
㕪,dan3
㕫,fang3
㕬,gong1
㕭,ao1
㕮,fu3
㕯,ne4
㕰,he4
㕱,you2
㕲,hua2
㕳,xiong1
吘,ou3
吙,huo1
君,jun1
吜,chou3
吝,lin4
吞,tun1
吟,yin2
吠,fei4
吡,bi3
吤,jie4
吥,bu4
否,fou3
吧,ba5／ba0
吩,fen1
吪,e2
含,han2
吭,keng1
吮,shun3
吰,hong2
吱,zhi1
吲,yin3
吵,chao3
吷,xue4
吸,xi1
吹,chui1
吺,dou1
吻,wen3
吼,hou3
吽,ou2
吾,wu2
呀,ya1
呁,jun4
呃,e4
呄,ge2
呅,mei2
呆,dai1
呇,qi3
呈,cheng2
告,gao4
呋,fu1
呍,hong1
呎,chi3
呏,sheng1
呔,dai1
呚,hua2
𠯑,gua1
𠯿,lu4
㕷,pa1
㕸,li4
㕹,fa2
㕻,pou3
㕽,si4
呞,shi1
呟,juan3
呠,pen3
呡,wen3
呢,ne5／ne0
呣,m2
呥,ran2
呦,you1
呧,di3
周,zhou1
呫,che4
呬,xi4
呭,yi4
呮,qi4
呯,ping2
呰,zi3
呱,gua1
呲,ci1
味,wei4
呴,xu3
呵,he1
呶,nao2
呸,pei1
𡠞,fu2
𡠒,guan1
𡠙,tong1
𡟕,shi1
𡟟,cong1
𡞥,hou2
𡞧,zong1
𡟑,hou2
犭,quan3
氵,shui3
丨,gun3
丶,zhu3
丿,pie3
亅,jue2
亠,tou2
冫,bing1
㐨,xu4
㒁,yu3
呹,yi4
呺,xiao1
呻,shen1
呼,hu1
命,ming4
呾,da2
呿,qu4
咀,ju3
咁,han2
咂,za1
咃,tuo1
咅,pou3
咆,pao2
咇,bie2
咈,fu2
咉,yang3
咋,za3
和,he2
咍,hai1
咎,jiu4
咐,fu4
咑,da1
咒,zhou4
咓,wa3
咔,ka3
咕,gu1
咖,ka1
咗,zuo5／zuo0
咘,bu4
咚,dong1
𠰺,dai4
㖀,le4
㖆,qu2
咟,huo4
咠,qi4
咡,er4
咢,e4
咣,guang1
咥,die2
咦,yi2
咧,lie1
咨,zi1
咩,mie1
咪,mi1
咫,zhi3
咬,yao3
咭,ji1
咮,zhou4
咯,luo4
咰,shu4
咱,zan2
咳,ke2
咴,hui1
咵,kua3
咶,huai4
咷,tao2
咹,e4
咺,xuan1
咻,xiu1
咽,yan1
咾,lao3
咿,yi1
哀,ai1
品,pin3
哂,shen3
哃,tong2
哄,hong3
哆,duo1
哇,wa1
哈,ha1
哉,zai1
哊,you4
哋,di4
哌,pai4
哎,ai1
哏,gen2
哐,kuang1
哖,nian2
哘,xing2
哚,duo3
哞,mou1
𠀷,ji1
𠱠,ling2
𠱨,ji3
𠱫,e4
𠲎,fa5／fa0
㖕,xin1
㖖,nie4
㖗,yin2
哠,hao4
哢,long4
哤,mang2
哥,ge1
哦,o2
哧,chi1
哨,shao4
哩,li3
哪,na3
哫,zu2
哬,he2
哭,ku1
哰,lao2
哱,po4
哲,zhe2
哳,zha1
哴,liang4
哵,ba1
哷,lie4
哸,sui1
哹,fu2
哺,bu3
哼,heng1
哽,geng3
哾,shuo1
哿,ge3
唁,yan4
唂,gu1
唅,han1
唆,suo1
唇,zhen1
唈,yi4
唉,ai1
唋,tu3
唌,xian2
唎,li1
唏,xi1
唐,tang2
唑,zuo4
唒,qiu2
唔,ng2
唗,dou1
唜,mo4
唣,zao4
唥,leng2
唦,sha1
𠳀,yong3
𠳐,bang1
𠳨,mei2
𪡇,ni3
㖠,ba4
㖡,ye4
㖣,tou4
㖩,sou3
唩,wo1
唪,feng3
唫,jin4
唬,xiao1
唭,qi4
售,shou4
唯,wei2
唰,shua1
唱,chang4
唲,er2
唳,li4
唴,qiang4
唵,an3
唶,jie4
唷,yo1
唹,yu1
唺,tian3
唼,za1
唽,xi1
唾,tuo4
唿,hu1
啀,ai2
啁,zhao1
啂,nou3
啃,ken3
啄,zhuo2
啅,zhuo2
商,shang1
啇,di4
啈,heng4
啉,lan2
啊,a1
啋,xiao1
啌,xiang1
啍,zhun1
啐,cui4
𡠞,fu2
𡠒,guan1
𡠙,tong1
𡟕,shi1
𡟟,cong1
𡞥,hou2
𡞧,zong1
𡟑,hou2
犭,quan3
氵,shui3
丨,gun3
丶,zhu3
丿,pie3
亅,jue2
亠,tou2
冫,bing1
㐨,xu4
㒁,yu3
啑,sha4
啒,gu3
啕,tao2
啖,dan4
啘,ye4
啛,cui4
啜,chuo4
啝,he2
啡,fei1
啤,pi2
啥,sha2
啦,la5／la0
啨,qing2
啩,gua4
啪,pa1
啱,yan2
啲,di1
啳,quan2
啵,bo1
啶,ding4
啷,lang1
𠴫,ji4
𠵫,ang1
𠶧,dian1
𪡐,you4
㖸,nia1
㗂,sheng3
㗅,hu2
㗈,man4
㗊,ji2
㗎,jia4
㗏,wai1
㗑,bai5／bai0
啙,zi3
啫,ze1
啻,chi4
啼,ti2
啽,an2
啾,jiu1
啿,dan4
喀,ka1
喁,yong2
喃,nan2
善,shan4
喅,yu4
喇,la3
喈,jie1
喉,hou2
喊,han3
喋,die2
喌,zhou1
喏,nuo4
喐,yu4
喑,yin1
喓,yao1
喔,wo4
喕,mian3
喖,hu2
喗,yun3
喘,chuan3
喙,hui4
喛,huan4
喜,xi3
喝,he1
喟,kui4
喠,zhong3
喢,sha4
喣,xu4
喤,huang2
喥,duo2
喦,nie4
喨,liang4
喭,yan4
喯,pen4
喱,li2
喳,cha1
喴,wei1
喵,miao1
喸,bu3
喹,kui2
喻,yu4
𠶸,jue2
𠶹,he2
𠶻,ji2
𠷎,chou2
𠸄,ying1
㗘,bo2
喍,chai2
嗀,hu4
嗂,yao2
嗃,he4
嗄,sha4
嗅,xiu4
嗉,su4
嗋,ai4
嗌,yi4
嗏,cha1
嗐,hai4
嗑,ke4
嗒,ta4
嗓,sang3
嗔,chen1
嗕,ru4
嗖,sou1
嗗,wa1
嗘,ji1
嗙,beng1
嗛,xian2
嗜,shi4
嗝,ge2
嗞,zi1
嗟,jie1
嗠,luo4
嗡,weng1
嗢,wa4
嗣,si4
嗤,chi1
嗥,hao2
嗦,suo1
嗨,hai1
嗪,qin2
嗮,sai4
嗯,ng2
嗰,ge3
嗱,na2
嗵,tong1
𠹛,hai2
𠹤,wei4
𠹦,pi1
𠺖,mu3
㗤,cu4
嗷,ao2
嗸,ao2
嗺,zui1
嗻,zhe4
嗼,mo4
嗽,sou4
嗾,sou3
嘀,di1
嘁,qi1
嘂,jiao4
嘃,chong1
嘈,cao2
嘉,jia1
嘊,ai2
嘋,xiao1
嘎,ga1
嘏,gu3
𡠞,fu2
𡠒,guan1
𡠙,tong1
𡟕,shi1
𡟟,cong1
𡞥,hou2
𡞧,zong1
𡟑,hou2
犭,quan3
氵,shui3
丨,gun3
丶,zhu3
丿,pie3
亅,jue2
亠,tou2
冫,bing1
㐨,xu4
㒁,yu3
嘐,xiao1
嘒,hui4
嘕,xian1
嘙,po2
嘚,de2
嘛,ma5／ma0
嘝,hu2
嘞,lei5／lei0
嘡,tang1
嘢,ye3
嘣,beng1
嘦,jiao4
嘧,mi4
𠻗,li2
𠼔,chang2
𠼞,a1
𠼢,qiang4
嘟,du1
嘫,ran2
嘬,chuai4
嘭,peng1
嘲,chao2
嘴,zui3
嘶,si1
嘹,liao2
嘾,dan4
嘿,hei1
噀,xun4
噂,zun3
噃,bo5／bo0
噆,zan3
噇,chuang2
噈,cu4
噊,yu4
噋,tun1
噌,cheng1
噍,jiao4
噎,ye1
噏,xi1
噒,lian2
噔,deng1
噗,pu1
噘,jue1
噙,qin2
𠾳,ge1
㗾,xue1
㘂,ci2
噢,yu3
噣,zhou4
噤,jin4
器,qi4
噩,e4
噪,zao4
噫,yi1
噬,shi4
噭,jiao4
噮,yuan1
噰,xue2
噱,jue2
噳,yu3
噶,ga2
噷,xin1
噻,sai1
噼,pi1
𠿓,sa4
𠿝,chu1
㘇,rong2
噿,zui3
嚁,di2
嚃,ta4
嚄,huo4
嚅,ru2
嚆,hao1
嚉,duo1
嚊,pi4
嚎,hao2
嚏,ti4
嚑,xun1
嚒,me1
嚓,ca1
嚺,ta4
𡁁,kai4
㘍,ji2
嚖,hui4
嚗,bo2
嚘,you1
嚚,yin2
嚜,me5／me0
嚟,li2
嚠,liu2
嚡,hai2
嚤,mo2
𡃉,jia4
𡃓,bo5／bo0
嚭,pi3
嚯,huo4
嚰,mo2
嚱,xi1
嚵,chan2
嚷,rang3
嚸,dian3
嚹,la5／la0
𡄣,mi2
㘕,han3
㘗,qu1
嚻,xiao1
嚼,jiao2
嚾,huan1
嚿,huo4
囃,ca4
囄,li2
囍,xi3
𡅄,tan2
囆,chai4
𡠞,fu2
𡠒,guan1
𡠙,tong1
𡟕,shi1
𡟟,cong1
𡞥,hou2
𡞧,zong1
𡟑,hou2
犭,quan3
氵,shui3
丨,gun3
丶,zhu3
丿,pie3
亅,jue2
亠,tou2
冫,bing1
㐨,xu4
㒁,yu3
囇,li4
囊,nang2
囎,zeng4
囔,nang1
㘜,chi3
㘝,nie4
囚,qiu2
四,si4
囜,nin2
𡆣,di2
𪛘,si4
㘟,chuang1
囝,jian3
回,hui2
囟,xin4
因,yin1
囡,nan1
𡆩,jiong3
𡆪,chuang1
𡆯,li3
𡆱,nan3
囤,tun2
囥,kang4
囧,jiong3
囨,pian1
囩,yun2
囫,hu2
囮,e2
困,kun4
𡇂,yin1
㘠,bi1
㘡,xia2
囹,ling2
固,gu4
囼,tai1
㘢,weng3
囿,you4
㘣,xuan1
圁,yin2
圂,hun4
圃,pu3
圄,yu3
圈,juan4
圉,yu3
圊,qing1
圌,chuan2
圐,ku1
圑,fu4
圔,ya4
圕,tuan1
𡈊,zhi2
𡈏,xin4
㘤,wan1
圙,lüe4
圚,hui4
𡈨,yu4
圛,yi4
圜,huan2
𡈮,xia2
𡈰,you2
𡈲,yin1
𡈴,ru3
㘥,you2
𡈵,you2
土,tu3
圠,ya4
㘦,qin2
圢,ting3
圥,lu4
圦,kuai4
在,zai4
圩,yu2
圪,ge1
圫,zhun1
圬,wu1
圭,gui1
圮,pi3
圯,yi2
地,di4
圱,qian1
圴,zhuo2
圵,dang4
圶,qia4
圷,xia4
圸,shan1
㘧,xu4
㘨,nie4
㘬,ao4
㘰,zhen1
圻,qi2
圿,jia2
址,zhi3
坁,zhi3
坂,ban3
坄,yi4
坅,qin3
均,jun1
坈,rong3
坉,tun2
坊,fang1
坋,ben4
坌,ben4
坍,tan1
坎,kan3
坐,zuo4
坑,keng1
坒,bi4
㘵,bu4
坡,po1
坢,pan3
坤,kun1
坥,qu1
坦,tan3
坧,zhi1
坨,tuo2
坩,gan1
坪,ping2
坫,dian4
坬,gua4
坭,ni2
坰,jiong1
坱,yang3
坲,fo2
坳,ao4
坴,lu4
坵,qiu1
坶,mu4
坷,ke3
坹,xue4
坺,ba2
坻,chi2
坼,che4
坽,ling2
坾,zhu4
垀,hu1
垂,chui2
垈,dai4
垉,pao2
𡊄,fen4
㘶,jie2
㘷,ai4
㘺,fa2
㘾,yu3
型,xing2
垌,dong4
垍,ji4
垎,he4
垏,lu4
垑,chi3
垓,gai1
垔,yin1
垕,hou4
垖,dui1
垗,zhao4
垘,fu2
垙,guang1
垚,yao2
垛,duo4
垝,gui3
垞,cha2
垟,yang2
垠,yin2
垡,fa2
垢,gou4
垣,yuan2
垤,die2
𡠞,fu2
𡠒,guan1
𡠙,tong1
𡟕,shi1
𡟟,cong1
𡞥,hou2
𡞧,zong1
𡟑,hou2
犭,quan3
氵,shui3
丨,gun3
丶,zhu3
丿,pie3
亅,jue2
亠,tou2
冫,bing1
㐨,xu4
㒁,yu3
垥,xie2
垧,shang3
垨,shou3
垬,hong2
垮,kua3
垳,hang2
垵,an1
城,cheng2
鿍,gang4
𡋣,wa1
㙀,liu4
㙁,mei2
㙂,dui4
㙃,bang1
㙄,bi4
㙅,bao3
垶,xing1
垸,yuan4
垹,bang1
垺,fu2
垽,yin4
垿,xu4
埁,cen2
埂,geng3
埃,ai1
埄,peng2
埅,fang2
埆,que4
埇,yong3
埈,xun4
埋,mai2
埌,lang4
埍,juan3
埏,yan2
埐,jin1
埑,zhe2
埒,lie4
埔,pu3
埕,cheng2
埖,hua1
埗,bu4
𡋯,bo2
㙇,chu4
㙈,xia4
㙉,tian3
㙊,chang2
㙋,qi2
㙍,duo1
埜,ye3
埝,nian4
域,yu4
埠,bu4
埢,juan3
埣,sui4
埤,pi2
埥,cheng1
埧,ju4
埩,zheng1
埫,chong3
埭,dai4
埮,tan4
埯,an3
埰,cai4
埱,chu4
埲,beng3
埴,zhi2
埵,duo3
埶,yi4
埸,yi4
培,pei2
基,ji1
埻,zhun3
埼,qi2
埽,sao4
埾,ju4
堀,ku1
堁,ke4
堂,tang2
堄,ni4
堆,dui1
堇,qin2
堉,yu4
堋,beng4
堌,gu4
堍,tu4
堎,leng4
堐,ya2
堓,an4
㙎,wei1
㙏,fu4
㙐,duo3
㙑,yu3
㙓,kui2
㙕,kuai4
㙗,wei1
㙘,yao1
埪,kong1
堗,tu2
堙,yin1
堛,bi4
堜,lian4
堞,die2
堟,zhuan4
堠,hou4
堡,bao3
堢,bao3
堣,yu2
堥,mao2
堧,ruan2
堨,e4
堩,geng4
堪,kan1
堫,zong1
堬,yu2
堭,huang2
堮,e4
堰,yan4
堲,ji2
堳,mei2
堵,du3
堶,tuo2
堸,feng2
堹,zhong4
堻,jin1
堼,heng4
堾,chun1
堿,kan3
塂,xiang4
塄,leng2
塅,duan4
塇,xuan1
塈,ji4
鿾,lang2
𡍲,da1
𡎚,pian3
㙙,long3
㙚,xing1
㙛,zhuan1
㙝,xie2
㙞,nie4
㙟,lang3
堽,gang1
塃,huang1
塉,ji2
塌,ta1
塍,cheng2
塎,yong3
塑,su4
塓,mi4
塔,ta3
塕,weng3
塖,cheng2
塘,tang2
塙,que4
塛,li4
塜,peng2
塝,bang4
塞,sai1
塠,dui1
塣,zheng4
塥,ge2
塦,zhen4
塧,ai4
塨,gong1
填,tian2
塬,yuan2
塭,wen1
塮,xie4
塯,liu4
塱,lang3
𡏘,xia4
㙠,yi1
𡠞,fu2
𡠒,guan1
𡠙,tong1
𡟕,shi1
𡟟,cong1
𡞥,hou2
𡞧,zong1
𡟑,hou2
犭,quan3
氵,shui3
丨,gun3
丶,zhu3
丿,pie3
亅,jue2
亠,tou2
冫,bing1
㐨,xu4
㒁,yu3
㙣,zhang4
㙥,gun4
㙦,xie2
塲,shang1
塳,peng2
塶,lu4
塷,lu3
塺,mei2
塻,mo4
塽,shuang3
塾,shu2
墀,chi2
墁,man4
境,jing4
墄,qi1
墅,shu4
墇,zhang4
墈,kan4
墉,yong1
墌,zhi2
墎,guo1
墐,jin4
墑,di1
墒,shang1
墓,mu4
墔,cui1
墕,yan4
墘,qian2
墚,liang2
𡐓,kang1
𪤗,liao4
㙩,liao2
㙪,yi4
㙫,ji2
㙮,da1
增,zeng1
墟,xu1
墡,shan4
墣,pu2
墤,kuai4
墥,dong3
墦,fan2
墩,dun1
墫,zun1
墭,sheng4
墱,deng4
墴,huang2
㙰,xie4
㙱,hao4
㙳,kan3
㙴,chan4
㙶,tang2
墺,ao4
墼,ji1
墽,qiao1
壀,pi2
壁,bi4
壂,dian4
壅,yong1
壆,xue2
壉,ju4
𪤟,nan2
㙷,zhi2
㙸,bao4
㙹,meng2
壒,ai4
壕,hao2
壖,ruan2
壗,jin4
𡒉,zang1
㙻,chan2
㙼,lei3
壣,lin2
壤,rang3
壦,xun1
壨,lei2
㚁,qiao4
㚂,nang4
士,shi4
壬,ren2
壴,zhu4
㚃,yun1
壹,yi1
壾,mang3
壿,zun3
𪤴,yi4
夂,zhi3
夆,feng2
㚅,long2
夊,sui1
夋,qun1
夌,ling2
𡕥,xue4
㚆,fu4
㚇,zong1
夎,cuo4
夏,xia4
𠀼,qian2
夐,xiong4
夒,nao2
𡖀,hun1
夔,kui2
外,wai4
夗,yuan4
夙,su4
多,duo1
㚉,gu3
夜,ye4
㚊,kai1
夡,qi4
㚋,diao1
㚌,hua4
夤,yin2
夦,chen3
㚍,kui3
大,da4
夨,ze4
天,tian1
太,tai4
夫,fu1
夬,guai4
夭,yao1
央,yang1
夯,hang1
夰,gao3
失,shi1
夲,tao1
夳,tai4
㚏,gao3
夵,yan3
夷,yi2
夻,hua4
夼,kuang3
㚒,shan3
㚓,lai3
夽,yun3
夿,ba1
奀,en1
𡠞,fu2
𡠒,guan1
𡠙,tong1
𡟕,shi1
𡟟,cong1
𡞥,hou2
𡞧,zong1
𡟑,hou2
犭,quan3
氵,shui3
丨,gun3
丶,zhu3
丿,pie3
亅,jue2
亠,tou2
冫,bing1
㐨,xu4
㒁,yu3
㚔,nie4
㚕,fu2
㚖,gao3
㚗,qie2
㚘,ban4
㚙,jia1
奃,di1
奄,yan3
奅,pao4
奆,quan3
奇,qi2
奈,nai4
奉,feng4
奍,quan1
奔,ben1
㚚,kong1
㚛,xi4
奎,kui2
奏,zou4
契,qi4
奒,kai1
奕,yi4
奊,xie2
套,tao4
奘,zang4
奙,ben3
奚,xi1
𡘧,qia2
㚜,yu4
㚝,zhui1
㚞,shen3
奛,huang3
奜,fei3
奝,diao1
奞,xun4
奟,beng1
奠,dian4
奡,ao4
奢,she1
奣,weng3
奤,ha3
𡙒,tian1
㚠,xiao1
奦,wu4
奫,yun1
奭,shi4
㚡,ji3
奰,bi4
奱,luan2
女,nü3
奴,nu2
奵,ding3
奶,nai3
㚤,yi4
㚥,yu2
㚦,yi2
㚧,yan3
㚨,shen1
奷,qian1
她,ta1
奺,jiu3
奻,nuan2
好,hao3
奾,xian1
奿,fan4
妀,ji3
妁,shuo4
如,ru2
妃,fei1
妄,wang4
𡚹,zhang4
㚩,ran3
㚪,hao4
㚫,sa4
㚬,jun1
㚭,you2
妉,dan1
妊,ren4
妋,fu1
妌,jing4
妎,hai4
妏,wen4
妐,zhong1
妑,pa1
妒,du4
妓,ji4
妔,keng1
妕,zhong4
妖,yao1
妗,jin4
妘,yun2
妙,miao4
妚,fou3
妜,yue4
妞,niu1
妟,yan4
妠,na4
妡,xin1
妢,fen2
妣,bi3
妤,yu2
妥,tuo3
妦,feng1
妧,wan4
妨,fang2
𡛂,yi1
𡛓,ran3
𡛗,bi4
𡛘,pi3
㚱,qiu1
㚲,chan1
㚴,bu4
㚵,dong1
㚹,mao3
㚺,yun4
㚻,ji1
㚼,hao3
㚽,qiao3
㚾,xiong1
㚿,pao2
㛁,peng1
妭,bo2
妯,zhou2
妰,zhuo2
妱,zhao1
妲,da2
妴,yuan4
妵,tou3
妶,xian2
妸,e1
妹,mei4
妺,mo4
妻,qi1
妼,bi4
妽,shen1
妾,qie4
妿,e1
姀,he2
姁,xu3
姂,fa2
姃,zheng1
姄,min2
姅,ban4
姆,mu3
姇,fu1
姈,ling2
姊,zi3
始,shi3
姌,ran3
姎,yang1
姏,man2
姐,jie3
姑,gu1
姒,si4
姓,xing4
委,wei3
姕,zi1
姖,ju4
𡛜,di1
𡛟,yue4
𡛠,qie1
𡛡,pi1
𡛥,cha4
𡛻,yong3
𡜁,gua1
㛂,nuo3
㛃,jie2
㛄,yi1
㛅,er4
㛈,kao3
㛊,duo4
妍,yan2
𡠞,fu2
𡠒,guan1
𡠙,tong1
𡟕,shi1
𡟟,cong1
𡞥,hou2
𡞧,zong1
𡟑,hou2
犭,quan3
氵,shui3
丨,gun3
丶,zhu3
丿,pie3
亅,jue2
亠,tou2
冫,bing1
㐨,xu4
㒁,yu3
姘,pin1
姚,yao2
姛,dong4
姜,jiang1
姝,shu1
姞,ji2
姟,gai1
姠,xiang4
姡,hua2
姤,gou4
姥,lao3
姨,yi2
姩,nian2
姫,zhen3
姭,xian4
姮,heng2
姯,guang1
姰,jun1
姱,kua1
姲,yan4
姳,ming3
姴,lie4
姵,pei4
姶,e4
姷,you4
姺,shen1
姻,yin1
姼,shi2
姽,gui3
姾,quan2
姿,zi1
娀,song1
威,wei1
娂,hong2
娃,wa2
𡜋,huang1
𡜥,dui1
𡜦,hui4
𡜧,xi4
𡜨,xiu1
𡜬,yi1
㛎,lü3
㛏,qiu2
㛑,can4
㛒,dou4
㛓,xi1
㛕,yi4
㛖,suo1
㛗,qie1
㛘,po4
㛙,xin1
㛚,tong3
㛛,xin4
㛜,you2
㛞,long4
㛢,xiu4
姬,ji1
娉,ping1
娊,xian4
娋,shao4
娌,li3
娍,cheng2
娎,xie4
娏,mang2
娐,fu1
娑,suo1
娒,mu3
娓,wei3
娔,ke4
娕,chuo4
娖,chuo4
娗,ting3
娘,niang2
娜,nuo2
娝,pou1
娞,nei3
娟,juan1
娠,shen1
娡,zhi4
娢,han2
娣,di4
娤,zhuang1
娥,e2
娦,pin2
娧,tui4
娨,xian4
娩,mian3
娪,wu2
娫,yan2
娭,xi1
娮,yan2
娳,li4
娽,lu4
𡜱,ji4
𡜲,gao4
𡜵,pu1
𡝂,zhuang4
𡝊,zhe2
𡝚,cheng2
𡝝,wang1
㛥,ta4
㛦,lan3
㛧,man3
㛨,qiang3
㛩,zhou2
㛪,yan4
㛫,xi1
㛬,lu4
㛭,xi1
娬,wu3
娵,ju1
娶,qu3
娷,zhui4
娸,qi1
娹,xian2
娺,zhuo2
娻,dong1
娼,chang1
娾,ai3
娿,e1
婀,e1
婂,mian2
婃,cong2
婄,pou3
婅,ju2
婆,po2
婇,cai3
婈,ling2
婉,wan3
婊,biao3
婋,xiao1
婌,shu1
婍,qi3
婎,hui4
婏,fan4
婐,wo3
婑,wo3
婒,tan2
婓,fei1
婕,jie2
婖,tian1
婗,ni2
婘,quan2
婚,hun1
婛,jing1
婝,dian4
婞,xing4
婟,hu4
婠,wan1
婢,bi4
婤,zhou1
婥,nao4
婧,jing4
婩,an4
婪,lan2
婫,kun1
婮,ju1
婰,dian3
婱,xian2
㛯,mian3
㛱,wei3
㛲,fa4
㛳,yi4
㛵,cheng1
㛶,tan4
㛷,ji1
㛸,shu4
㛹,pian2
㛺,an1
㛻,kua1
㛼,cha1
㛾,xian2
㜂,feng1
㜃,lian4
𡠞,fu2
𡠒,guan1
𡠙,tong1
𡟕,shi1
𡟟,cong1
𡞥,hou2
𡞧,zong1
𡟑,hou2
犭,quan3
氵,shui3
丨,gun3
丶,zhu3
丿,pie3
亅,jue2
亠,tou2
冫,bing1
㐨,xu4
㒁,yu3
婷,ting2
婹,yao3
婺,wu4
婻,nan4
婼,ruo4
婽,jia3
婿,xu4
媀,yu4
媂,di4
媃,rou2
媅,dan1
媆,nen4
媉,wo4
媊,qian2
媋,chun1
媌,miao2
媏,duan1
媑,zhong4
媒,mei2
媓,huang2
媔,mian2
媕,an1
媖,ying1
媗,xuan1
媘,jie1
媙,wei1
媚,mei4
媛,yuan4
媝,qiu1
媞,shi4
媟,xie4
媡,lian4
媢,mao4
媣,ran3
媤,si1
媥,pian1
媦,wei4
媨,jiu4
媩,hu2
媬,bao3
嫏,lang2
𡞥,hou2
𡞧,zong1
𡞪,fu2
𡞫,nai4
𡟑,hou2
𡟕,shi1
𡟞,xiu1
𡟟,cong1
㜅,xu4
㜆,mi4
㜇,hui4
㜈,mu4
㜉,yong1
㜊,zhan3
㜋,yi4
㜌,nou3
㜍,tang2
㜎,xi1
㜑,fu2
㜒,yi4
㜓,da2
媐,yi2
媱,yao2
媲,pi4
媳,xi2
媴,yuan2
媵,ying4
媶,rong2
媷,ru4
媸,chi1
媹,liu2
媻,pan2
媾,gou4
嫀,qin2
嫁,jia4
嫂,sao3
嫃,zhen1
嫄,yuan2
嫅,jie1
嫆,rong2
嫇,ming2
嫉,ji2
嫊,su4
嫌,xian2
嫍,tao1
嫎,pang2
嫐,nao3
嫑,bao2
𡟯,en1
𡠒,guan1
㜖,cao2
㜘,qu4
㜙,lu4
㜚,su4
㜝,an3
㜠,cui1
㜡,cong1
嫕,yi4
嫖,piao2
嫘,lei2
嫙,xuan2
嫚,man4
嫛,yi1
嫜,zhang1
嫝,kang1
嫞,yong1
嫟,ni4
嫠,li2
嫡,di2
嫣,yan1
嫤,jin3
嫦,chang2
嫨,han1
嫩,nen4
嫪,lao4
嫫,mo2
嫬,zhe1
嫭,hu4
嫯,ao4
嫲,ma2
𡠙,tong1
𡠞,fu2
𡠭,xue3
㜣,ran2
㜤,nian3
㜦,xin2
㜧,yue4
㜨,nai2
嫳,pie4
嫴,gu1
嫶,qiao2
嫷,tuo3
嫸,zhan3
嫼,mo4
嫽,liao2
嫾,lian2
嬁,deng1
嬄,yi1
嬆,xi1
嬉,xi1
嬊,yan4
嬎,fan4
嬏,fan1
𡡑,zeng1
㜩,ao4
㜪,shen1
㜫,ma4
嬑,yi4
𡠞,fu2
𡠒,guan1
𡠙,tong1
𡟕,shi1
𡟟,cong1
𡞥,hou2
𡞧,zong1
𡟑,hou2
犭,quan3
氵,shui3
丨,gun3
丶,zhu3
丿,pie3
亅,jue2
亠,tou2
冫,bing1
㐨,xu4
㒁,yu3
嬓,jiao4
嬔,fu4
嬕,shi4
嬖,bi4
嬗,shan4
嬘,sui4
嬚,lian3
嬛,huan2
嬜,xin1
嬞,dong3
嬠,can1
嬴,ying2
㜯,xi1
嬥,tiao3
嬨,ci2
嬫,rong2
嬬,xu1
嬯,tai2
嬱,qian4
嬲,niao3
嬳,yue4
嬵,mian2
㜱,zhi4
嬺,ni4
嬼,liu3
嬽,yuan1
㜲,weng3
㜳,huai2
㜴,meng4
㜵,niao3
嬹,xing4
嬿,yan4
𡣽,yan2
𡣾,xiao1
𡤋,xie4
𡤌,li4
㜶,wan3
孀,shuang1
孁,ling2
孂,jiao3
孅,xian1
㜹,qu2
孈,hui4
孉,quan2
孊,mi3
子,zi3
孑,jie2
孓,jue2
孔,kong3
𡤽,shu3
孕,yun4
孖,zi1
字,zi4
存,cun2
㜿,xu4
孚,fu1
孛,bei4
孜,zi1
孝,xiao4
孟,meng4
孡,tai1
孢,bao1
季,ji4
孤,gu1
孥,nu2
㝁,xuan1
孨,zhuan3
孩,hai2
㝂,zhi4
孬,nao1
孮,cong2
孰,shu2
孱,chan2
㝅,gou4
孳,zi1
孴,ni3
孵,fu1
孷,li2
孺,ru2
𡦪,ji2
孽,nie4
宀,mian2
㝋,liao3
它,ta1
宄,gui3
𡦼,rong3
㝌,jiu4
宅,zhai2
宇,yu3
守,shou3
安,an1
㝏,jie4
宋,song4
完,wan2
宎,yao3
宏,hong2
宑,jing3
宒,zhun1
宓,fu2
宔,zhu3
宕,dang4
宖,hong2
宗,zong1
官,guan1
宙,zhou4
定,ding4
宛,wan3
宜,yi2
㝓,ke4
㝔,yao3
客,ke4
宣,xuan1
宥,you4
宦,huan4
宨,tiao3
㝗,lang2
㝘,yong2
㝙,yin2
㝚,yan2
宧,yi2
宬,cheng2
宭,qun2
宯,xiao1
宰,zai3
宱,zha4
害,hai4
宴,yan4
宵,xiao1
家,jia1
宸,chen2
容,rong2
宺,huang3
㝝,lin2
㝟,mao2
宿,su4
寁,zan3
寄,ji4
寅,yin2
密,mi4
寇,kou4
寉,que4
𡨥,kou4
𫳑,yan1
㝢,yu3
㝣,yi4
寊,zhen1
寋,jian4
富,fu4
寎,bing4
寐,mei4
寒,han2
𡠞,fu2
𡠒,guan1
𡠙,tong1
𡟕,shi1
𡟟,cong1
𡞥,hou2
𡞧,zong1
𡟑,hou2
犭,quan3
氵,shui3
丨,gun3
丶,zhu3
丿,pie3
亅,jue2
亠,tou2
冫,bing1
㐨,xu4
㒁,yu3
寓,yu4
寔,shi2
㝤,gou4
㝥,mi3
㝧,wen3
㝨,huan2
寖,jin4
寘,zhi4
寙,yu3
㝩,kang3
㝪,dian4
㝫,long2
㝬,fu1
寞,mo4
察,cha2
寡,gua3
寣,hu1
寤,wu4
寥,liao2
寨,zhai4
㝭,xing3
㝮,cui4
㝯,qiao2
寭,hui4
寮,liao2
寯,jun4
寰,huan2
寱,yi4
寲,yi2
㝰,mian2
𪧰,fu4
𡬙,seng4
𡬜,lin3
寸,cun4
寺,si4
𪧷,le4
寽,lü4
封,feng1
㝶,ai4
尃,fu1
射,she4
尉,wei4
㝷,xun2
尊,zun1
尌,shu4
小,xiao3
尐,jie2
少,shao3
尕,ga3
尖,jian1
尚,shang4
尜,ga2
㝸,bian4
𡭾,nou3
尞,liao4
尟,xian3
㝺,lian2
尡,hun4
㝻,jin3
尢,wang1
尤,you2
㝼,yu1
尥,liao4
㝽,chui2
尨,mang2
尪,wang1
尬,ga4
㝾,zuo3
㞀,hui1
㞁,yao4
尮,duo4
尯,kui4
㞂,tui3
㞃,ji4
㞄,an1
㞅,luo4
㞆,ji3
𡯳,bo4
㞇,wei3
㞈,bo1
尰,zhong3
就,jiu4
㞉,za1
㞊,xu4
尲,gan1
尳,gu3
尵,tui2
尺,chi3
𪛛,che3
㞋,nian3
尻,kao1
尼,ni2
𡰥,yi2
㞌,yun4
㞍,qiang1
㞎,ba3
尾,wei3
尿,niao4
局,ju2
屁,pi4
㞏,zhi2
㞐,ju1
屄,bi1
居,ju1
屇,tian2
屈,qu1
𡱂,tun2
㞒,xie4
㞓,qi4
㞔,yi2
㞖,ci2
屋,wu1
屌,diao3
屎,shi3
屏,ping2
㞗,qiu2
屐,ji1
屑,xie4
屒,zhen3
屔,ni2
展,zhan3
屗,wei3
㞘,du1
屙,e1
屝,fei4
㞚,zha3
㞛,ji3
屠,tu2
𡲰,qu2
㞜,tui1
屣,xi3
㞟,dian4
㞠,lao2
履,lü3
屧,xie4
𡳞,lin4
屪,liao2
屮,che4
屯,tun2
屰,ni4
㞷,huang2
𡴎,nie4
山,shan1
屲,wa1
㞤,yin2
㞥,cen2
㞦,ji3
屴,li4
屵,e4
𡴱,hu4
㞨,zi3
㞩,lan2
㞪,nao2
㞫,ju4
㞬,qin4
㞭,dai4
㞯,jie2
屸,long2
屹,yi4
屺,qi3
屻,ren4
屼,wu4
屽,han4
𡠞,fu2
𡠒,guan1
𡠙,tong1
𡟕,shi1
𡟟,cong1
𡞥,hou2
𡞧,zong1
𡟑,hou2
犭,quan3
氵,shui3
丨,gun3
丶,zhu3
丿,pie3
亅,jue2
亠,tou2
冫,bing1
㐨,xu4
㒁,yu3
屾,shen1
岃,ren4
㞰,xu3
㞱,cong1
㞲,yong4
㞳,dou3
㞴,chi2
㞶,min3
㞸,sui4
岄,yue4
岆,yao3
岇,ang2
岈,ya2
岉,wu4
岊,jie2
岋,e4
岌,ji2
岎,fen2
岏,wan2
岐,qi2
岑,cen2
岒,qian2
岓,qi2
岔,cha4
岕,jie4
岜,ba1
㞺,zu2
㞻,hao4
㞼,cheng2
㞽,xue4
㞾,ni2
㞿,chi4
㟀,lian2
㟂,mu3
㟃,si1
岝,zuo4
岞,zuo4
岟,yang3
岠,ju4
岢,ke3
岣,gou3
岦,li4
岧,tiao2
岨,qu1
岩,yan2
岪,fu2
岫,xiu4
岬,jia3
岯,pi2
岱,dai4
岳,yue4
岵,hu4
岷,min2
岸,an4
岻,chi2
峂,tong2
㟄,xiang2
㟅,yang2
岍,qian1
峆,he2
峇,ba1
峉,e4
峊,fu4
峋,xun2
峍,lu4
峎,en3
峐,gai1
峒,dong4
峓,yi2
峔,mu3
峖,an1
峗,wei2
峘,huan2
峙,zhi4
峛,li3
峞,wei2
峠,ka3
𡷈,shi4
𪨰,qu1
𫵺,shui3
㟇,cuo4
㟈,qiu2
㟉,lao2
㟊,fu2
㟋,dui4
㟌,mang2
㟍,lang2
㟎,tuo3
㟏,han2
㟐,mang2
㟑,bo2
㟓,qi2
㟔,han2
㟖,long4
峨,e2
峪,yu4
峬,bu1
峭,qiao4
峮,qun1
峰,feng1
峱,nao2
峲,li3
峷,shen1
峹,tu2
峻,jun4
峾,yin2
峿,yu3
崀,lang4
𡷤,wu2
𡷫,cheng2
㟗,bin1
㟘,tiao2
㟙,lao3
㟛,zan4
㟝,pei2
㟞,zhan4
㟟,xiang4
㟠,gang3
㟤,lu4
崆,kong1
崇,chong2
崉,ta4
崊,lin2
崋,hua4
崌,ju1
崏,min2
崒,zu2
崓,gu4
崔,cui1
崚,ling2
崛,jue2
崝,zheng1
崞,guo1
崟,yin2
崣,wei3
崥,pi2
崦,yan1
崧,song1
崨,jie2
崩,beng1
崪,zu2
崫,ku1
崮,gu4
崯,yin2
𡸕,qiong2
𡸥,Wan3
㟨,duan1
㟩,min2
㟪,wei1
㟫,quan2
㟬,sou3
㟮,tu1
崴,wei1
崶,feng1
崺,yi3
崽,zai3
崾,yao3
崿,e4
嵁,kan1
嵃,yan3
嵆,ji1
嵇,ji1
嵋,mei2
嵌,qian4
嵍,wu4
嵎,yu2
嵕,zong1
嵖,cha2
𡺠,hun2
㟰,ming3
㟱,yao3
㟲,jue2
㟳,li4
㟴,kuai4
㟵,gang3
㟶,yuan2
𡠞,fu2
𡠒,guan1
𡠙,tong1
𡟕,shi1
𡟟,cong1
𡞥,hou2
𡞧,zong1
𡟑,hou2
犭,quan3
氵,shui3
丨,gun3
丶,zhu3
丿,pie3
亅,jue2
亠,tou2
冫,bing1
㐨,xu4
㒁,yu3
嵊,sheng4
嵞,tu2
嵟,dui1
嵠,xi1
嵡,weng3
嵣,dang4
嵤,rong2
嵥,jie2
嵦,kai3
嵧,liu2
嵩,song1
嵪,qiao1
嵫,zi1
嵬,wei2
嵯,cuo2
嵱,yong3
嵲,nie4
嵳,cuo2
嵴,ji2
𡺺,qiong2
㟹,lao2
㟻,qian4
㟽,biao3
㟾,yong1
㟿,mang3
嵿,ding3
嶀,tu1
嶂,zhang4
嶅,ao2
嶉,cui1
嶊,zui3
嶍,xi2
㠅,fu2
㠇,jiu4
㠈,run4
㠉,tong2
㠊,qu1
㠋,e4
㠌,qi1
㠍,ji2
㠎,ji2
㠐,jiao4
嶏,pei4
嶑,xiang4
嶒,ceng2
嶓,bo1
嶕,jiao1
嶙,lin2
嶛,liao2
嶜,jin1
嶝,deng4
嶞,duo4
嶣,jiao1
㠑,zui4
㠓,meng2
㠔,bai4
㠕,wei3
㠖,yi3
㠗,ao4
嶬,yi2
嶭,nie4
嶲,xi1
嶶,wei1
𡼾,kuai4
𡽅,yun4
㠙,hao2
㠚,dui4
㠛,wo4
㠜,ni4
嶷,yi2
嶾,yin3
𡾻,cang2
㠟,li2
巀,jie2
巁,li4
巂,xi1
㠡,niao3
㠢,huai2
巇,xi1
巈,ju2
巉,chan2
𡾱,mi2
㠥,lü4
㠦,feng1
巐,chao3
㠧,mi3
巙,kui2
𡿤,xian2
㠨,yu4
𡿥,yu4
川,chuan1
州,zhou1
巟,huang1
𡿩,lie4
𡿭,kun1
巢,chao2
巤,lie4
工,gong1
𪛜,gong1
左,zuo3
巧,qiao3
巨,ju4
巫,wu1
𢀜,gong3
差,cha1
㠭,zhan3
㠮,peng1
己,ji3
已,yi3
巳,si4
巴,ba1
巵,zhi1
巷,xiang4
巸,yi2
巹,jin3
㠱,ji4
巽,xun4
巾,jin1
巿,fu2
帀,za1
㠲,bi3
市,shi4
布,bu4
㠴,ren4
㠵,huang1
㠷,ge2
㠸,ku4
㠹,jie4
㠺,sha1
㠼,si1
希,xi1
帎,dan4
㠽,tong2
㠾,yuan1
㠿,zi1
㡀,bi4
帑,tang3
帓,mo4
帔,pei4
帕,pa4
帖,tie1
帙,zhi4
帚,zhou3
帛,bo2
㡁,kua3
㡂,li4
㡃,huang1
㡄,xun2
㡅,nuo3
帝,di4
帟,yi4
帠,yi4
帢,qia4
帣,juan4
㡇,zhe2
㡈,wen4
帨,shui4
帩,qiao4
𡠞,fu2
𡠒,guan1
𡠙,tong1
𡟕,shi1
𡟟,cong1
𡞥,hou2
𡞧,zong1
𡟑,hou2
犭,quan3
氵,shui3
丨,gun3
丶,zhu3
丿,pie3
亅,jue2
亠,tou2
冫,bing1
㐨,xu4
㒁,yu3
席,xi2
𢃇,li3
㡉,xian2
㡋,ye2
帷,wei2
常,chang2
帺,qi2
㡏,shu4
㡐,jian1
㡑,qiao1
㡒,zhun1
㡔,wu4
㡕,ying1
㡖,chuang2
帽,mao4
帾,du3
幄,wo4
幅,fu2
幆,yi4
𢃬,jian1
㡗,ti2
㡘,lian2
㡙,bi1
㡚,gou1
㡛,mang2
幋,pan2
幌,huang3
幍,tao1
幏,jia4
𢄓,wu4
㡜,xie4
㡝,feng4
㡟,zao1
幒,zhong1
幔,man4
幕,mu4
幖,biao1
幛,zhang4
㡠,zheng4
幡,fan1
幢,chuang2
㡢,man4
幧,qiao1
㡥,yin4
㡦,pin1
幪,meng2
幮,chu2
幯,jie2
幰,xian3
㡧,zheng4
㡨,jian1
㡩,luan2
㡪,nie2
平,ping2
𢆉,ren3
年,nian2
幵,jian1
幸,xing4
幺,yao1
幻,huan4
幼,you4
𢆶,you1
𢆸,beng1
幽,you1
𢇁,zi1
𢇇,guan1
㡫,yi4
㡮,ji2
庀,pi3
㡯,zhai2
㡰,yu3
㡱,jiu3
㡲,huan2
㡳,zhi3
庇,bi4
庈,qin2
庉,dun4
床,chuang2
庋,ji3
庌,ya3
庎,jie4
序,xu4
庘,ya1
㡴,la1
㡵,ling2
㡶,zhi3
㡷,ben3
㡸,zha4
㡹,ju1
㡺,dan4
㡻,liao4
底,di3
庖,pao2
店,dian4
庚,geng1
庛,ci4
府,fu3
㡼,yi4
㡽,zhao4
㡾,xian4
㢀,ci4
㢁,chi3
㢂,yan3
庠,xiang2
庡,yi3
庢,zhi4
庣,tiao1
庤,zhi4
庥,xiu1
度,du4
𢈈,ao1
㢃,lang2
㢄,dou4
㢅,long4
座,zuo4
庨,xiao1
庩,tu2
庪,gui3
庬,mang2
庭,ting2
庯,bu1
㢈,tui2
㢉,cha2
㢊,ai3
㢋,chi3
庳,bi4
庴,ji2
庵,an1
庶,shu4
康,kang1
庸,yong1
庹,tuo3
𢈻,jie2
㢍,ying3
㢎,zhe2
㢏,tou2
庾,yu3
廊,lang2
𢉦,jun3
㢑,tui2
廅,e4
廇,liu4
廉,lian2
廋,sou1
廌,zhi4
㢒,cha2
㢓,zhang4
㢔,zong3
廍,bu4
廑,jin3
廒,ao2
廓,kuo4
廖,liao4
廘,lu4
㢖,pan1
廙,yi4
廛,chan2
廜,tu2
𡠞,fu2
𡠒,guan1
𡠙,tong1
𡟕,shi1
𡟟,cong1
𡞥,hou2
𡞧,zong1
𡟑,hou2
犭,quan3
氵,shui3
丨,gun3
丶,zhu3
丿,pie3
亅,jue2
亠,tou2
冫,bing1
㐨,xu4
㒁,yu3
㢙,qin2
㢚,lu3
㢛,yan4
㢜,kang4
㢞,yi4
廱,yong1
廲,li2
廴,yin3
㢟,chan1
延,yan2
廷,ting2
建,jian4
廿,nian4
弁,bian4
弄,nong4
弅,fen4
弆,ju3
𢍁,qi2
弇,yan3
弈,yi4
𢍏,juan4
弊,bi4
𫠠,yi4
弋,yi4
式,shi4
㢥,dong4
㢦,ge1
弓,gong1
𢎘,han4
引,yin3
弖,hu4
𢎙,xian2
弗,fu2
弘,hong2
㢨,han4
㢩,di4
弛,chi2
弜,jiang4
㢬,hong2
弝,ba4
弟,di4
㢮,chi2
㢯,diao1
㢰,bi4
㢱,mei4
弡,jue2
弣,fu3
弤,di3
弦,xian2
弧,hu2
弨,chao1
弩,nu3
㢲,xun4
㢳,lu2
㢵,xie2
㢶,bi4
弫,zhen3
弬,yi2
弭,mi3
弮,quan1
𢏝,zhou1
弰,shao1
弱,ruo4
㢺,xian2
㢻,rui4
㢼,bie4
弴,diao1
弶,jiang4
弸,peng2
𢏳,peng1
㢾,juan4
弼,bi4
弽,she4
㣀,zhen4
㣁,bei4
㣂,e4
弿,jian3
彀,gou4
㣄,qu2
㣅,zan4
彇,xiao1
彋,hong2
㣆,mi2
彐,ji4
彔,lu4
彖,tuan4
彗,hui4
彘,zhi4
㣈,si4
彝,yi2
彡,shan1
形,xing2
彣,wen2
彤,tong2
㣌,shan4
㣍,tai2
𢒉,shan3
彧,yu4
㣎,mu4
彩,cai3
彬,bin1
彭,peng2
彮,yong3
㣑,rong2
彯,piao3
彰,zhang1
㣒,ceng4
影,ying3
㣓,can4
彳,chi4
𢒼,yi3
㣔,ding1
彴,zhuo2
彵,tuo3
𢓁,gong1
𱝫,shang4
𱝬,fan2
彶,ji2
彷,pang2
彸,zhong1
役,yi4
彺,wang3
鿈,che3
鿉,wu3
𢓌,liu4
㣙,di2
彼,bi3
彽,di1
往,wang3
徂,cu2
㣚,tong3
㣛,ta4
㣜,xing2
㣝,song1
㣞,duo2
㣟,xi4
㣠,tao1
待,dai4
徆,xi1
徇,xun4
很,hen3
徉,yang2
徊,huai2
律,lü4
徍,wang3
徎,cheng3
徐,xu2
徒,tu2
得,de2
徘,pai2
徙,xi3
徛,ji4
徜,chang2
徝,zhi4
御,yu4
徢,xie4
徥,shi4
徦,jia3
徨,huang2
循,xun2
𡠞,fu2
𡠒,guan1
𡠙,tong1
𡟕,shi1
𡟟,cong1
𡞥,hou2
𡞧,zong1
𡟑,hou2
犭,quan3
氵,shui3
丨,gun3
丶,zhu3
丿,pie3
亅,jue2
亠,tou2
冫,bing1
㐨,xu4
㒁,yu3
㣯,xie4
徬,bang4
徭,yao2
徯,xi1
㣱,ze2
徶,bie2
德,de2
徻,hui4
徼,jiao4
徽,hui1
忀,xiang1
忂,qu2
𢖩,dian1
心,xin1
忄,xin1
必,bi4
忉,dao1
忌,ji4
忍,ren3
忐,tan3
忑,te4
忒,te4
忓,gan1
忔,qi4
忖,cun3
志,zhi4
忙,mang2
忚,xi1
𢖳,xu1
𢖷,gong1
㤅,xi4
㤇,ao3
㤉,ya2
忝,tian3
忞,min2
忟,wen3
忠,zhong1
忡,chong1
忢,wu4
忣,ji2
忤,wu3
忥,xi4
忨,wan4
忪,zhong1
快,kuai4
忬,yu4
忭,bian4
忮,zhi4
忯,qi2
忱,chen2
忲,tai4
忳,tun2
忴,qian2
念,nian4
忶,hun2
忸,niu3
忺,xian1
忻,xin1
忼,hang4
忽,hu1
忿,fen4
㤏,tong2
㤒,gao1
㤗,tai4
怇,ju4
怈,yi4
怉,bao3
怊,chao1
怋,min2
怌,pei1
怍,zuo4
怎,zen3
怏,yang4
怐,kou4
怑,ban4
怒,nu4
怓,nao2
怔,zheng1
怕,pa4
怖,bu4
怗,tie1
怘,hu4
怙,hu4
怚,ju4
怛,da2
思,si1
怞,chou2
怠,dai4
怡,yi2
怤,fu1
急,ji2
怦,peng1
性,xing4
怨,yuan4
怩,ni2
怪,guai4
怫,fu2
怭,bi4
怮,you1
怰,xuan4
怱,cong1
怲,bing3
怵,chu4
怷,shu4
怹,tan1
怽,mi2
𢗿,mo4
㤝,chong1
㤥,hai4
㤦,li4
㤬,hui4
恀,shi4
恁,ren4
恂,xun2
恃,shi4
恄,xi4
恅,lao3
恇,kuang1
恈,mou2
恉,zhi3
恌,tiao1
恍,huang3
恎,die2
恏,hao4
恐,kong3
恑,gui3
恓,xi1
恔,jiao3
恕,shu4
恗,hu1
恘,qiu1
恙,yang4
恚,hui4
恛,hui2
恜,chi4
恝,jia2
恞,yi2
恟,xiong1
恢,hui1
恣,zi4
恤,xu4
恧,nü4
恨,hen4
恩,en1
恪,ke4
恫,dong4
恬,tian2
恭,gong1
恰,qia4
恲,peng1
𢙝,xian3
恾,mang2
恿,yong3
悀,yong3
悁,juan1
悃,kun3
悄,qiao1
悆,yu4
悇,tu2
悈,jie4
悉,xi1
悊,zhe2
悌,ti4
悍,han4
悎,hao4
悐,ti4
悑,bu4
悒,yi4
悔,hui3
悕,xi1
悖,bei4
悗,man2
悘,yi1
悙,heng1
悚,song3
悛,quan1
悜,cheng3
悝,kui1
悟,wu4
悠,you1
悢,liang4
患,huan4
悧,li4
𡠞,fu2
𡠒,guan1
𡠙,tong1
𡟕,shi1
𡟟,cong1
𡞥,hou2
𡞧,zong1
𡟑,hou2
犭,quan3
氵,shui3
丨,gun3
丶,zhu3
丿,pie3
亅,jue2
亠,tou2
冫,bing1
㐨,xu4
㒁,yu3
您,nin2
㤿,yan1
㥀,zhi2
㥂,te4
㥄,ling2
㥈,die2
㥖,cong1
悰,cong2
悱,fei3
悲,bei1
悴,cui4
悷,li4
悸,ji4
悹,guan4
悺,guan4
悻,xing4
悼,dao4
悾,kong1
悿,tian3
惁,xi1
惂,kan3
惃,gun3
惄,ni4
情,qing2
惆,chou2
惇,dun1
惈,guo3
惉,chan1
惌,wan3
惎,ji4
惏,lin2
惐,yu4
惑,huo4
惓,quan2
惔,tan2
惕,ti4
惘,wang3
惙,chuo4
惚,hu1
惛,hun1
惝,chang3
惞,xin1
惟,wei2
惠,hui4
惢,suo3
惤,jian1
惦,dian4
𢛔,dong1
㥚,yu2
㥣,hui4
惰,duo4
想,xiang3
惴,zhui4
惵,die2
惶,huang2
惷,chun3
惸,qiong2
惹,re3
惺,xing1
惼,bian3
惾,zong1
惿,ti2
愀,qiao3
愁,chou2
愃,xuan1
愄,wei1
愅,ge2
愆,qian1
愈,yu4
愉,yu2
愊,bi4
愋,xuan1
愍,min3
愎,bi4
意,yi4
愐,mian3
愒,qi4
愔,yin1
愕,e4
愖,chen2
愗,mao4
愘,qia4
愙,ke4
愚,yu2
愝,yan3
愞,nuo4
感,gan3
愡,zong3
愢,sai1
愣,leng4
愥,ying1
慨,kai3
𢜭,ji3
𢜶,sao4
𢜸,nao2
㥯,yin3
愧,kui4
愪,yun2
愫,su4
愬,se4
愭,qi2
愮,yao2
愯,song3
愰,huang4
愱,ji2
愲,gu3
愵,ni4
愶,xie2
愸,zheng3
愹,yong3
愺,cao3
慀,xi4
慁,hun4
慃,yang3
慅,sao1
慆,tao1
慈,ci2
慉,xu4
慊,qian4
慌,huang1
慎,shen4
慏,ming3
慒,cong2
慓,piao4
慔,mu4
慕,mu4
慗,chi4
慛,cui2
慜,min3
慝,te4
慞,zhang1
慠,ao4
慡,shuang3
慢,man4
慥,zao4
慦,jiu4
慧,hui4
慩,lian2
慬,qin2
慰,wei4
慵,yong1
慷,kang1
憁,cong4
憃,chong1
憄,zhi4
𢟪,xi4
𢠡,sao4
𡠞,fu2
𡠒,guan1
𡠙,tong1
𡟕,shi1
𡟟,cong1
𡞥,hou2
𡞧,zong1
𡟑,hou2
犭,quan3
氵,shui3
丨,gun3
丶,zhu3
丿,pie3
亅,jue2
亠,tou2
冫,bing1
㐨,xu4
㒁,yu3
憉,peng2
憋,bie1
憎,zeng1
憏,chi4
憓,hui4
憔,qiao2
憗,yin4
憙,xi3
憛,tan2
憝,dui4
憞,dui4
憥,lao2
憧,chong1
憨,han1
憩,qi4
憬,jing3
憭,liao3
憯,can3
憱,cu4
𢠿,gui4
憵,pi1
憷,chu3
憺,dan4
憼,jing3
憾,han4
憿,jiao3
懁,xuan1
懂,dong3
懄,qin2
懅,ju4
懆,cao3
懈,xie4
懊,ao4
懋,mao4
懏,jun4
㦝,miao3
㦟,mai2
㦠,dui4
懖,kuo4
懚,yin4
懛,dai1
懜,meng3
懢,lan2
懥,zhi4
懦,nuo4
𢣏,ai4
懬,kuang4
懮,you3
㦤,yi4
㦪,xie4
懹,rang4
懿,yi4
𢦅,hong3
戈,ge1
戉,yue4
戊,wu4
戌,xu1
戍,shu4
戎,rong2
成,cheng2
𢦏,zai1
我,wo3
戒,jie4
戓,ge1
㦰,jian1
或,huo4
𢦞,guo2
𢦟,kan1
戙,dong4
戚,qi1
戛,jia2
戜,die2
戟,ji3
戠,zhi1
戡,kan1
戢,ji2
戣,kui2
戤,gai4
戥,deng3
戨,ge1
截,jie2
戫,yu4
戭,yan3
戮,lu4
㦽,yu4
戴,dai4
戳,chuo1
戵,qu2
戺,shi4
戻,ti4
戽,hu4
戾,li4
房,fang2
所,suo3
𢨯,mao3
扁,bian3
扂,dian4
扃,jiong1
扄,shang3
扅,yi2
扆,yi3
扇,shan4
扈,hu4
扉,fei1
扊,yan3
𢩘,ke1
手,shou3
扌,shou3
才,cai2
㧅,dao1
扐,le4
扒,ba1
打,da3
扔,reng1
払,fan3
扏,qiu2
托,tuo1
扙,zhang4
扚,diao3
扛,gang1
扜,yu1
扝,ku1
扞,han4
扠,cha1
扡,tuo1
扢,gu3
扣,kou4
扤,wu4
扦,qian1
㧊,po1
㧌,mao4
扟,shen1
扭,niu3
𡠞,fu2
𡠒,guan1
𡠙,tong1
𡟕,shi1
𡟟,cong1
𡞥,hou2
𡞧,zong1
𡟑,hou2
犭,quan3
氵,shui3
丨,gun3
丶,zhu3
丿,pie3
亅,jue2
亠,tou2
冫,bing1
㐨,xu4
㒁,yu3
扮,ban4
扯,che3
扱,cha1
扲,qian2
扳,ban1
扶,fu2
扷,ao4
批,pi1
扺,zhi3
扻,zhi4
扼,e4
扽,den4
找,zhao3
承,cheng2
技,ji4
抁,yan3
抂,kuang2
抃,bian4
抄,chao1
抅,ju1
抇,hu2
抈,yue4
抉,jue2
把,ba3
抋,qin4
抌,dan3
抍,zheng3
抎,yun3
抏,wan2
抐,ne4
抑,yi4
抒,shu1
抓,zhua1
抔,pou2
投,tou2
抖,dou3
抗,kang4
折,zhe2
抣,yun2
𢪃,cu4
㧒,yu4
㧙,bi4
㧠,mi2
扸,xi1
抧,zhi3
抨,peng1
抪,bu4
披,pi1
抬,tai2
抮,zhen3
抯,zha1
抰,yang1
抱,bao4
抲,he1
抳,ni3
抴,ye4
抵,di3
抶,chi4
抹,mo3
抺,mei4
抻,chen1
押,ya1
抽,chou1
抾,qu1
抿,min3
拁,jia1
拂,fu2
拃,zha3
拄,zhu3
拆,chai1
拇,mu3
拉,la1
拊,fu3
拌,ban4
拍,pai1
拎,lin1
拐,guai3
拑,qian2
拒,ju4
拓,tuo4
拔,ba2
拖,tuo1
拗,ao4
拘,ju1
拚,pin1
招,zhao1
拜,bai4
拤,qia2
㧡,hai4
㧢,yin1
㧣,zhu1
㧥,xian3
㧦,xuan4
㧬,gong3
㧮,hu1
㧯,lao3
拭,shi4
拮,jie2
拯,zheng3
拰,nin3
拱,gong3
拲,gong3
拳,quan2
拴,shuan1
拵,cun2
拷,kao3
拸,yi2
拹,xie2
拺,ce4
拼,pin1
拽,ye4
拾,shi2
拿,na2
持,chi2
挄,kuo4
挅,duo4
挆,duo3
指,zhi3
挈,qie4
按,an4
挊,nong4
挋,zhen4
挌,ge2
挍,jiao1
挎,kua4
挏,dong4
挐,ru2
挑,tiao1
挔,lü3
挕,die2
挖,wa1
挧,yu3
𢫨,rong3
㧳,zhuo4
挨,ai1
挪,nuo2
挫,cuo4
挬,bo2
挭,geng3
挮,ti3
振,zhen4
挰,cheng2
挲,suo1
挴,mei3
挸,jian3
挹,yi4
挺,ting3
挻,shan1
挼,ruo2
挽,wan3
捀,feng2
捁,jiao3
捂,wu3
捃,jun4
捄,ju1
捅,tong3
捇,huo4
捈,tu2
捉,zhuo1
捊,pou2
捋,luo1
捌,ba1
捍,han4
捎,shao1
捏,nie1
捐,juan1
捒,shu4
捔,jue2
捕,bu3
捖,wan2
捗,bu4
捘,zun4
捙,yi4
捛,lü3
𢭃,dou4
㧻,zhuo2
㧾,hu1
𡠞,fu2
𡠒,guan1
𡠙,tong1
𡟕,shi1
𡟟,cong1
𡞥,hou2
𡞧,zong1
𡟑,hou2
犭,quan3
氵,shui3
丨,gun3
丶,zhu3
丿,pie3
亅,jue2
亠,tou2
冫,bing1
㐨,xu4
㒁,yu3
㨁,zhi4
㨂,dong3
㨃,dui3
㨄,zhao4
㨆,lin3
捥,wan4
捧,peng3
捩,lie4
捪,min2
捬,fu3
捭,bai3
捯,dao2
捰,wo3
捱,ai2
捳,yue4
捵,chen1
捶,chui2
捷,jie2
捸,tu1
捹,ben4
捺,na4
捻,nian3
捼,ruo2
捽,zuo2
捾,wo4
掀,xian1
掂,dian1
掅,qing4
掇,duo1
授,shou4
掉,diao4
掊,pou2
掌,zhang3
掍,hun4
掎,ji3
掏,tao1
掐,qia1
排,pai2
掔,qian1
掕,ling2
掖,ye1
掘,jue2
掜,yi4
掝,huo4
掞,shan4
掟,ding4
掠,lüe4
探,tan4
掣,che4
掤,bing1
接,jie1
控,kong4
推,tui1
掩,yan3
措,cuo4
掫,zou1
掮,qian2
掯,ken4
掰,bai1
掱,pa2
𢮿,guai1
㨋,che3
㨒,kui2
掾,yuan4
掿,nuo4
揃,jian3
揄,yu2
揆,kui2
揇,nan3
揈,hong1
揉,rou2
揊,pi4
揋,wei1
揌,sai1
揍,zou4
揎,xuan1
描,miao2
提,ti2
插,cha1
揔,song1
揕,zhen4
揖,yi1
揗,xun2
揘,yong2
揙,bian1
揜,yan3
揝,zan3
揞,an3
揟,xu1
揠,ya4
握,wo4
揢,ke2
揣,chuai3
揤,ji2
揦,la2
揧,la4
揨,chen2
揩,kai1
揪,jiu1
揭,jie1
揱,xiao1
揲,she2
揳,xie1
援,yuan2
揶,ye2
揸,zha1
揻,wei1
搄,geng1
搜,sou1
𢯭,deng4
𢯱,sou1
𢯽,cuo4
𢯾,mao4
㨖,zhi4
搈,rong2
搉,que4
搋,chuai1
搌,zhan3
搏,bo2
搐,chu4
搑,rong2
搒,peng2
搓,cuo1
搔,sao1
搕,ke1
搙,nu4
搚,la1
搛,jian1
搝,qiu3
搞,gao3
搠,shuo4
搡,sang3
搢,jin4
搣,mie4
搦,nuo4
搧,shan1
搩,jie2
搪,tang2
搫,pan2
搬,ban1
搭,da1
搯,tao1
搰,hu2
搲,wa1
搳,hua2
搴,qian1
搷,tian2
搸,zhen1
搽,cha2
搿,ge2
摁,en4
𢱟,chan3
𢱤,song3
㨮,dou1
𡠞,fu2
𡠒,guan1
𡠙,tong1
𡟕,shi1
𡟟,cong1
𡞥,hou2
𡞧,zong1
𡟑,hou2
犭,quan3
氵,shui3
丨,gun3
丶,zhu3
丿,pie3
亅,jue2
亠,tou2
冫,bing1
㐨,xu4
㒁,yu3
㨰,gun3
㨳,ji4
㨴,jian4
㨺,men2
㨼,lüe4
㨽,pi4
㩁,que4
摍,suo1
摎,jiu1
摏,chong1
摒,bing4
摓,feng2
摔,shuai1
摗,sou1
摘,zhai1
摛,chi1
摝,lu4
摞,luo4
摡,gai4
摣,zha1
摤,chuang3
摦,hua4
摧,cui1
摨,nai2
摩,mo2
摬,ying3
摭,zhi2
摮,ao2
摰,nie4
摴,chu1
摵,she4
摸,mo1
摹,mo2
摽,biao1
撂,liao4
撇,pie1
𢲵,zao4
𢲶,qie4
𢲼,die2
𢳆,ao4
㩃,qian1
㩄,shai1
㩆,jiu4
㩉,da2
摖,qi4
撅,jue1
撒,sa1
撕,si1
撖,han4
撘,da1
撙,zun3
撚,nian3
撜,zheng3
撞,zhuang4
撠,ji3
撢,dan3
撤,che4
撨,xiao1
撩,liao2
撴,dun1
𢵮,lü1
𫾈,nia2
㩓,hui3
㩘,ni3
撼,han4
撽,qiao4
擀,gan3
擂,lei2
擅,shan4
擉,chuo4
擌,se4
操,cao1
擎,qing2
擐,huan4
擒,qin2
擖,ka1
擗,pi3
擘,bo4
擙,ao4
擛,ye4
𢶍,za2
擟,mi2
擢,zhuo2
擤,xing3
擦,ca1
擨,ye2
擩,ru3
擭,huo4
㩧,bo2
擸,lie4
擿,zhi4
攀,pan1
攂,lei4
攃,ca1
攇,xian3
攈,pei4
攉,huo1
攍,ying2
㩰,jiao3
攕,xian1
攗,mei2
攘,rang2
𡠞,fu2
𡠒,guan1
𡠙,tong1
𡟕,shi1
𡟟,cong1
𡞥,hou2
𡞧,zong1
𡟑,hou2
犭,quan3
氵,shui3
丨,gun3
丶,zhu3
丿,pie3
亅,jue2
亠,tou2
冫,bing1
㐨,xu4
㒁,yu3
攠,mi2
鿜,ra1
攥,zuan4
攫,jue2
㩹,die2
攮,nang3
支,zhi1
攱,gui3
㩻,qi1
㩼,zhi1
攲,qi1
攴,pu1
收,shou1
㩿,ku1
攸,you1
改,gai3
攺,yi3
攻,gong1
㪁,qin2
攽,ban1
放,fang4
政,zheng4
𢼄,qi3
敀,po4
敁,dian1
敃,min3
故,gu4
𢼌,bao4
㪈,gui4
敇,ce4
效,xiao4
敉,mi3
敊,chu4
敋,ge2
㪊,qun2
敏,min3
救,jiu4
敒,shen1
敓,duo2
敔,yu3
敕,chi4
敖,ao2
教,jiao1
㪏,bi3
㪒,ni2
敜,nie4
敝,bi4
敞,chang3
敡,yi4
敢,gan3
散,san3
敤,ke3
敦,dun1
敨,tou3
敫,jiao3
敬,jing4
敯,min3
㪠,qian4
㪣,xiao1
敲,qiao1
整,zheng3
敷,fu1
敹,liao2
敼,yi3
𢿣,qiao1
斀,zhuo2
文,wen2
𪯡,wen2
斏,lang2
斐,fei3
斑,ban1
㪱,huan4
斒,ban1
斖,wei3
料,liao4
𣁳,wo4
斛,hu2
斜,xie2
斝,jia3
斞,yu3
斟,zhen1
斠,jiao4
斡,wo4
斢,tou3
㪺,ju1
斣,dou4
斤,jin1
斥,chi4
斦,yin2
斧,fu3
斨,qiang1
斪,qu2
斫,zhuo2
㫀,ding3
斯,si1
新,xin1
斲,zhuo2
斶,chu4
方,fang1
㫃,yan3
施,shi1
斿,liu2
旀,mei4
旁,pang2
旃,zhan1
旄,mao2
旅,lü3
旆,pei4
旈,liu2
旋,xuan2
旌,jing1
旍,jing1
旎,ni3
族,zu2
旐,zhao4
旒,liu2
旓,shao1
旔,jian4
旖,yi3
旗,qi2
旘,zhi4
旚,piao1
旛,fan1
旜,zhan1
旞,sui4
旡,ji4
既,ji4
𣄸,huo4
日,ri4
旦,dan4
旨,zhi3
早,zao3
旬,xun2
旭,xu4
旮,ga1
旯,la2
𣅃,zai3
㫗,hou4
旰,gan4
旱,han4
旲,tai2
旴,xu1
旵,chan3
𣅍,bing1
㫘,mi4
旺,wang4
旻,min2
旼,min2
旿,wu3
昂,ang2
昃,ze4
昄,ban3
昅,jie2
昆,kun1
昉,fang3
昊,hao4
昋,gui4
昌,chang1
𡠞,fu2
𡠒,guan1
𡠙,tong1
𡟕,shi1
𡟟,cong1
𡞥,hou2
𡞧,zong1
𡟑,hou2
犭,quan3
氵,shui3
丨,gun3
丶,zhu3
丿,pie3
亅,jue2
亠,tou2
冫,bing1
㐨,xu4
㒁,yu3
昍,xuan1
明,ming2
昏,hun1
昒,hu1
易,yi4
昕,xin1
昝,zan3
昞,bing3
星,xing1
映,ying4
昡,xuan4
昤,ling2
春,chun1
昧,mei4
昨,zuo2
昩,mo4
昪,bian4
昫,xu3
昭,zhao1
是,shi4
昱,yu4
昲,fei4
昳,die2
昴,mao3
昶,chang3
昹,ai3
昺,bing3
𣅽,po4
𪰐,ben4
晁,Chao2
晃,huang3
晅,xuan3
晆,kui2
晇,xu1
晈,jiao3
晌,shang3
晏,yan4
晐,gai1
𣆘,shi3
㫰,lang4
㫱,nan3
晗,han2
晙,jun4
晚,wan3
晜,kun1
晞,xi1
晟,cheng2
晠,sheng4
晡,bu1
晢,zhe2
晣,zhe2
晤,wu4
晥,han4
晦,hui4
晨,chen2
晪,tian3
晫,zhuo2
晬,zui4
晭,zhou3
普,pu3
景,jing3
晰,xi1
晲,ni3
晴,qing2
晶,jing1
晷,gui3
晸,zheng3
晹,yi4
智,zhi4
晼,wan3
晽,lin2
晾,liang4
暀,wang3
暃,fei1
暑,shu3
㬂,yu2
㬃,tai2
㬈,wen1
㬊,huan3
暄,xuan1
暅,xuan3
暆,yi2
暇,xia2
暋,min3
暌,kui2
暍,ye1
暒,qing2
暓,mao4
暔,nan2
暕,jian3
暖,nuan3
暗,an4
㬎,xian3
暝,ming2
暠,gao3
暡,weng3
暨,ji4
暭,hao4
暮,mu4
暰,cong1
暲,zhang1
暳,hui4
暴,bao4
暵,han4
㬚,che4
㬟,fen1
暹,xian1
暻,jing3
暾,tun1
暿,xi3
曀,yi4
曂,huang4
曅,ye4
曈,tong2
曎,yi4
曒,jiao3
曚,meng2
曙,shu3
曛,xun1
曜,yao4
𣋟,mo3
曝,pu4
曞,li4
曟,chen2
曣,yan4
曦,xi1
曧,rong2
曩,nang3
曪,luo3
曰,yue1
曱,yue1
曲,qu1
更,geng1
曶,hu1
曷,he2
𣌬,ju3
曹,cao2
曼,man4
曾,ceng2
替,ti4
朁,can3
朄,yin3
朅,qie4
㬱,ti4
𪱗,jin1
㬲,tian1
朇,pi2
月,yue4
有,you3
㬳,wu3
䶻,zhuan4
朊,ruan3
𡠞,fu2
𡠒,guan1
𡠙,tong1
𡟕,shi1
𡟟,cong1
𡞥,hou2
𡞧,zong1
𡟑,hou2
犭,quan3
氵,shui3
丨,gun3
丶,zhu3
丿,pie3
亅,jue2
亠,tou2
冫,bing1
㐨,xu4
㒁,yu3
朋,peng2
服,fu2
朎,ling2
朏,fei3
朐,qu2
朒,nü4
朓,tiao3
朔,shuo4
朕,zhen4
㬶,hao4
朖,lang3
朗,lang3
朘,juan1
朚,huang1
望,wang4
㬸,tiao1
䶼,cong1
朜,tun1
朝,zhao1
朠,ying1
𣎆,luo4
朣,tong2
朦,meng2
木,mu4
𣎳,pin4
𣎴,dun3
未,wei4
末,mo4
本,ben3
札,zha2
𣎵,po1
㭁,reng2
朱,zhu1
朳,ba1
朵,duo3
朷,dao1
朹,gui3
朻,jiu1
朽,xiu3
朾,cheng2
杅,yu2
杇,wu1
杈,cha1
杉,shan1
杌,wu4
李,li3
杏,xing4
材,cai2
村,cun1
杒,ren4
杓,biao1
杔,tuo1
杕,di4
杖,zhang4
杗,mang2
杘,chi4
杙,yi4
杛,gong1
杜,du4
杝,yi2
杞,qi3
束,shu4
杢,jie2
杣,shan1
杤,wan4
杧,mang2
𣏇,gong1
𣏒,chou2
㭉,hua2
㭋,bang4
㭌,mou2
杪,miao3
杫,si4
杬,yuan2
杭,hang2
杮,fei4
杯,bei1
杲,gao3
杳,yao3
杴,xian1
杵,chu3
杶,chun1
杷,pa2
杸,shu1
杻,chou3
杼,zhu4
杽,chou3
松,song1
板,ban3
枂,wo4
枃,jin4
枇,pi2
枉,wang3
枊,ang4
枋,fang1
枌,fen2
枍,yi4
析,xi1
枑,hu4
枓,zhu3
枔,xin2
枕,zhen3
枖,yao1
林,lin2
枘,rui4
枙,e3
枚,mei2
枛,zhao4
果,guo3
枝,zhi1
枟,yun4
枡,dou3
枤,di4
𣏟,pai4
㭕,qu1
枮,xian1
枯,ku1
枰,ping2
枱,si4
枲,xi3
枳,zhi3
枴,guai3
枵,xiao1
架,jia4
枷,jia1
枸,gou3
枹,bao1
枻,yi4
枼,ye4
柀,bi3
柁,tuo2
柂,yi2
柃,ling2
柄,bing3
柅,ni3
柈,pan2
柉,fan2
柊,zhong1
柋,dai4
柌,ci2
柍,ying1
柎,fu1
柏,bai3
某,mou3
柑,gan1
柒,qi1
染,ran3
柔,rou2
柖,shao2
柘,zhe4
柙,xia2
柚,you4
柝,tuo4
柞,zuo4
柡,yong3
柢,di3
柣,zhi4
柤,zha1
查,cha2
柦,dan4
柧,gu1
柨,bu4
柩,jiu4
柫,fu2
柬,jian3
柮,duo4
柯,ke1
柰,nai4
柱,zhu4
柲,bi4
柳,liu3
柴,chai2
柶,si4
柷,chu4
柸,pei1
𡠞,fu2
𡠒,guan1
𡠙,tong1
𡟕,shi1
𡟟,cong1
𡞥,hou2
𡞧,zong1
𡟑,hou2
犭,quan3
氵,shui3
丨,gun3
丶,zhu3
丿,pie3
亅,jue2
亠,tou2
冫,bing1
㐨,xu4
㒁,yu3
柾,jiu4
柿,shi4
栂,mei2
栃,li4
栐,yong3
㭘,xia2
㭠,xian3
栒,xun2
栓,shuan1
栔,qi4
栗,li4
栘,yi2
栚,zhen4
栛,li4
栜,se4
栝,kuo4
栟,bing1
栠,ren3
校,xiao4
栥,zi1
栨,ci4
栩,xu3
株,zhu1
栫,jian4
栭,er2
栯,you3
栱,gong3
栲,kao3
栳,lao3
栴,zhan1
栵,lie4
核,he2
根,gen1
栺,yi4
栻,shi4
格,ge2
栽,zai1
桀,jie2
桁,heng2
桂,gui4
桃,tao2
桄,guang1
桅,wei2
案,an4
桉,an1
桊,juan4
桋,yi2
桌,zhuo1
桎,zhi4
桏,qiong2
桐,tong2
桑,sang1
桓,huan2
桔,jie2
桕,jiu4
桖,xue4
桗,duo4
𬂭,xiang1
㭬,zhu1
桫,suo1
桬,sha1
桭,zhen1
桯,ting1
桲,bo2
桴,fu2
桵,rui2
桶,tong3
桷,jue2
桸,xi1
桹,lang2
桻,feng1
桾,jun1
梀,su4
梂,qiu2
梃,ting3
梄,you3
梅,mei2
梆,bang1
梇,long4
梊,di4
梌,tu2
梍,zao4
梎,ao1
梏,gu4
梐,bi4
梑,di2
梒,han2
梓,zi3
梗,geng3
梚,wan3
梛,nuo2
梞,ji4
梠,lü3
梡,hun2
梢,shao1
梣,cen2
梤,fen2
梧,wu2
梨,li2
梩,li2
梪,dou4
梬,ying3
梭,suo1
梮,ju1
梯,ti1
械,xie4
梱,kun3
梳,shu1
梴,chan1
梶,wei3
梽,zhi4
㮂,ju2
㮇,tian4
㮈,nai4
棅,bing4
棇,cong1
棈,qian4
棉,mian2
棋,qi2
棌,cai3
棍,gun4
棏,de2
棐,fei3
棑,pai2
棒,bang4
棓,bang4
棔,hun1
棕,zong1
棘,ji2
棙,li4
棚,peng2
棜,yu4
棠,tang2
棢,wang3
棣,di4
棤,cuo4
棦,cheng1
棨,qi3
棪,yan3
棫,yu4
棬,quan1
棭,yi4
森,sen1
棯,ren3
棰,chui2
棳,zhuo1
棴,fu2
棵,ke1
棷,zou1
棸,zou1
棺,guan1
棻,fen1
棼,fen2
棽,chen1
椄,jie1
椅,yi3
椆,zhou4
椇,ju3
椈,ju2
椊,zuo2
椋,liang2
椌,qiang1
植,zhi2
椎,zhui1
椐,ju1
椑,pi2
椒,jiao1
椓,zhuo2
椔,zi1
𡠞,fu2
𡠒,guan1
𡠙,tong1
𡟕,shi1
𡟟,cong1
𡞥,hou2
𡞧,zong1
𡟑,hou2
犭,quan3
氵,shui3
丨,gun3
丶,zhu3
丿,pie3
亅,jue2
亠,tou2
冫,bing1
㐨,xu4
㒁,yu3
椛,hua1
椥,zhi1
椩,geng1
椪,peng4
椬,yi2
𣓏,jin4
㮏,nai4
㮓,gen4
㮔,chong4
㮕,ruan3
㮝,he2
㮟,nian3
椳,wei1
椴,duan4
椵,jia3
椷,jian1
椸,yi2
椹,zhen1
椺,xi2
椻,yan4
椽,chuan2
椿,chun1
楀,yu3
楁,he2
楂,cha2
楄,pian2
楅,bi1
楌,yan2
楏,kui2
楒,si1
楔,xie1
楖,zhi4
楗,jian4
楘,mu4
楙,mao4
楚,chu3
楛,ku3
楝,lian4
楞,leng2
楟,ting2
楠,nan2
楢,you2
楣,mei2
楤,song3
楥,yuan2
楦,xuan4
楧,yang3
楩,pian2
楪,die2
楫,ji2
楬,jie2
楮,chu3
楯,shun3
楰,yu2
楱,zou4
楴,ti4
楶,jie2
楷,jie1
楸,qiu1
楹,ying2
楻,heng2
概,gai4
榃,tan2
榆,yu2
榔,lang2
𣕂,deng4
𣕫,zhuang4
㮵,zhan1
㮶,shuo4
榊,shen2
榍,xie4
榎,jia3
榏,yi4
榑,fu2
榓,mi4
榕,rong2
榖,gu3
榗,jian4
榙,ta1
榛,zhen1
榜,bang3
榞,yuan2
榠,ming2
榡,su4
榣,yao2
榤,jie2
榥,huang4
榧,fei3
榫,sun3
榭,xie4
榰,zhi1
榱,cui1
榳,ting2
榴,liu2
榵,rong2
榶,tang2
榷,que4
榸,zhai1
榹,si1
榺,sheng4
榻,ta4
榼,ke1
榽,xi1
榾,gu3
槁,gao3
槃,pan2
槄,tao1
槅,ge2
槆,xun2
槈,nou4
槉,ji2
槊,shuo4
槌,chui2
槎,cha2
槏,qian3
槐,huai2
槔,gao1
槙,dian1
𣖾,bei4
𣗬,chou4
㮾,lang3
㯄,zhi1
槢,xi2
槥,hui4
槦,yong1
槬,hua4
槭,qi1
槯,cui1
槱,you3
槲,hu2
槵,huan4
槷,yi4
槺,kang1
槽,cao2
槾,man4
槿,jin3
樀,di2
樄,chen2
樆,li2
樈,qing2
樊,fan2
樋,tong3
樎,su4
樏,lei3
樒,mi4
樔,chao2
樕,su4
樖,ke1
樗,chu1
樘,tang2
樚,lu4
樛,jiu1
樝,zha1
樟,zhang1
模,mo2
樦,zhu4
樧,sha1
𡠞,fu2
𡠒,guan1
𡠙,tong1
𡟕,shi1
𡟟,cong1
𡞥,hou2
𡞧,zong1
𡟑,hou2
犭,quan3
氵,shui3
丨,gun3
丶,zhu3
丿,pie3
亅,jue2
亠,tou2
冫,bing1
㐨,xu4
㒁,yu3
樨,xi1
𪳤,zao4
樵,qiao2
樶,zui1
樼,zhen1
樽,zun1
樾,yue4
橁,chun1
橄,gan3
橇,qiao1
橉,lin4
橍,run4
橎,fan2
橏,zhan3
橐,tuo2
橔,dun1
橕,cheng1
橖,tang2
橘,ju2
橙,cheng2
橛,jue2
橝,dian4
橠,nuo3
橡,xiang4
橦,tong2
橧,zeng1
橪,ran3
橭,gu1
𣙿,fei4
𣚕,ye4
𣚺,xiang4
𣛕,chua3
㯱,pao1
㯲,jin4
㯳,qing2
橽,ta4
橾,sao1
橿,jiang1
檀,tan2
檃,yin3
檄,xi2
檈,xuan2
檊,gan4
檍,yi4
檎,qin2
檐,yan2
檑,lei2
檓,hui3
檕,ji4
檖,sui4
檗,bo4
檞,jie3
檠,qing2
檧,song1
檨,she1
㯼,ke1
檫,cha2
檬,meng2
檴,huo4
檵,ji4
檹,yi1
檺,gao3
檼,yin4
檽,nou4
櫄,chun1
櫆,kui2
櫊,ge1
𣝓,yan3
㰀,li2
㰁,luo3
㰅,di2
櫌,you1
櫐,lei3
櫑,lei2
櫒,sa4
櫔,li4
櫖,lü4
櫘,hui4
櫙,ou1
櫜,gao1
櫡,zhuo2
櫭,jie2
櫶,xian3
㰔,xie4
櫼,jian1
櫾,you4
欀,xiang1
欂,bo2
欃,chan2
𣟼,jiu1
㰗,cu4
欈,wei2
欉,cong1
𣡕,yan4
欙,lei2
欚,li3
欛,ba4
鿝,reng2
𣡶,yan2
𣡺,lei3
𣡽,sha1
𣡾,hu1
欠,qian4
次,ci4
㰠,hang1
𡠞,fu2
𡠒,guan1
𡠙,tong1
𡟕,shi1
𡟟,cong1
𡞥,hou2
𡞧,zong1
𡟑,hou2
犭,quan3
氵,shui3
丨,gun3
丶,zhu3
丿,pie3
亅,jue2
亠,tou2
冫,bing1
㐨,xu4
㒁,yu3
㰡,xie4
㰢,keng1
欣,xin1
欥,yi4
欦,qian1
欨,xu1
欩,chao1
欪,chu4
𣢟,han2
㰪,wa2
欫,qi4
欬,kai4
欭,yi4
欮,jue2
欯,xi4
欰,xu4
欱,he1
欲,yu4
欳,kui4
欴,lang2
欶,shuo4
欷,xi1
欸,ai1
欹,qi1
欺,qi1
欻,xu1
欼,chi3
款,kuan3
欿,kan3
歁,kan3
歂,chuan2
歃,sha4
歅,yin1
歆,xin1
歇,xie1
歈,yu2
歉,qian4
歊,xiao1
歋,ye2
歌,ge1
歏,jin4
歑,hu1
歔,xu1
歖,xi3
歙,xi1
歜,chu4
歞,e1
歠,chuo4
㱎,kun1
止,zhi3
𣥂,ta4
正,zheng4
𣥃,wan4
此,ci3
步,bu4
武,wu3
歧,qi2
歪,wai1
歫,ju4
歭,chi2
歰,se4
歱,zhong3
歹,dai3
死,si3
𣦻,can2
歽,zhe2
歾,mo4
殂,cu2
殃,yang1
殄,tian3
殅,sheng1
殆,dai4
殈,xu4
殉,xun4
殊,shu1
殌,jue2
殍,piao3
殎,qia4
殏,qiu2
殐,su4
殑,qing2
殔,yi4
殕,fou3
殖,zhi2
殗,ye4
殙,hun1
殛,ji2
殜,die2
殝,zhen1
殟,wen1
殣,jin3
殦,diao1
㱶,peng2
殧,cu4
殩,cuan4
殪,yi4
鿞,rie4
殳,shu1
段,duan4
殶,zhu4
㱿,que4
殸,keng1
殹,yi4
殿,dian4
𣪠,ji1
毅,yi4
毇,hui3
毈,duan4
㲉,que4
毉,yi1
𣫙,yi4
毋,wu2
毌,guan4
母,mu3
每,mei3
毐,ai3
毑,jie3
毒,du2
毓,yu4
𪵔,jing1
比,bi3
㲋,chuo4
毖,bi4
毗,pi2
𣬉,pi2
𪵕,dao3
毚,chan2
毛,mao2
㲌,neng4
毜,hao2
㲎,lou2
毞,pi2
毠,jia1
毢,sai1
毣,mu4
毤,tuo4
毥,xun2
毦,er3
毨,xian3
毪,mu2
㲚,sha1
毫,hao2
毭,dou4
𣭲,rong3
㲞,su1
毯,tan3
毰,pei2
毱,ju2
毲,duo2
毳,cui4
𣮈,qu1
㲡,nai4
毷,mao4
毸,sai1
毻,tuo4
毼,he2
毽,jian4
𡠞,fu2
𡠒,guan1
𡠙,tong1
𡟕,shi1
𡟟,cong1
𡞥,hou2
𡞧,zong1
𡟑,hou2
犭,quan3
氵,shui3
丨,gun3
丶,zhu3
丿,pie3
亅,jue2
亠,tou2
冫,bing1
㐨,xu4
㒁,yu3
毾,ta4
㲪,deng1
氃,tong2
氄,rong3
氅,chang3
氆,pu3
氉,zao4
氋,meng2
氍,qu2
㲲,die2
氏,shi4
氐,di1
民,min2
氓,mang2
㲳,die2
氕,pie1
氖,nai3
氘,dao1
氙,xian1
氚,chuan1
㲴,zhong4
氛,fen1
氜,ri4
氝,nei4
𰚼,yun2
氟,fu2
氠,shen1
氡,dong1
氤,yin1
氥,xi1
氦,hai4
氧,yang3
氨,an1
氪,ke4
氮,dan4
氯,lü4
氱,yang3
𣱧,zhong4
鿫,ao4
𰛄,pai4
𰛅,lai4
水,shui3
氵,shui3
𣱱,cha2
㲸,xi1
氶,zheng3
永,yong3
氹,dang4
㲺,ji2
㲼,yi4
氻,le4
氾,fan2
氿,gui3
汀,ting1
汁,zhi1
求,qiu2
汃,bin1
汆,cuan1
汈,diao1
𣱶,bu3
𣱼,dao1
汊,cha4
汋,zhuo2
汌,chuan4
汍,wan2
汏,dai4
汑,tuo1
汔,qi4
汕,shan4
汗,han4
汘,qian1
汛,xun4
汜,si4
汝,ru3
汞,gong3
江,jiang1
池,chi2
污,wu1
汣,jiu3
汷,zhong1
㳁,ze4
㳇,fu4
汥,zhi1
汦,zhi3
汧,qian1
汨,mi4
汩,gu3
汪,wang1
汫,jing3
汭,rui4
汮,jun1
汯,hong2
汰,tai4
汱,quan3
汲,ji2
汳,bian4
汴,bian4
汶,wen4
汻,hang3
汼,niu2
汽,qi4
汾,fen2
汿,xu4
沁,qin4
沂,yi2
沃,wo4
沅,yuan2
沆,hang4
沇,yan3
沉,chen2
沊,dan4
沋,you2
沌,dun4
沍,hu4
沏,qi1
沐,mu4
沑,nü4
沓,ta4
沔,mian3
沕,wu4
沘,bi3
沙,sha1
沚,zhi3
沛,pei4
沜,pan4
沝,zhui3
沞,za1
沠,liu2
𣲩,pa2
㳌,ya1
㳏,shi4
沫,mo4
沬,hui4
沭,shu4
沮,ju3
沯,za2
沰,tuo1
沱,tuo2
沲,duo4
河,he2
沴,li4
沶,yi2
沷,fa1
沸,fei4
油,you2
沺,tian2
治,zhi4
沼,zhao3
沽,gu1
沾,zhan1
沿,yan2
泂,jiong3
泃,Ju1
泅,qiu2
泆,yi4
泉,quan2
泊,bo2
泋,hui4
泌,mi4
泎,ze2
泏,zhu2
泐,le4
泑,you1
泒,gu1
泓,hong2
泔,gan1
法,fa3
泖,mao3
泗,si4
泙,ping2
泛,fan4
泜,zhi1
泠,ling2
泡,pao1
波,bo1
泣,qi4
𡠞,fu2
𡠒,guan1
𡠙,tong1
𡟕,shi1
𡟟,cong1
𡞥,hou2
𡞧,zong1
𡟑,hou2
犭,quan3
氵,shui3
丨,gun3
丶,zhu3
丿,pie3
亅,jue2
亠,tou2
冫,bing1
㐨,xu4
㒁,yu3
泥,ni2
泦,ju2
泫,xuan4
泬,jue2
泮,pan4
泯,min3
泰,tai4
泱,yang1
泲,ji3
泳,yong3
泹,dan3
𣲶,niu3
𣲷,ni4
㳘,chong1
㳚,xu4
泚,ci3
泿,yin2
洀,pan2
洂,ye4
洃,hui1
洄,hui2
洅,zai4
洆,cheng2
洇,yin1
洈,wei2
洉,hou4
洊,jian4
洋,yang2
洌,lie4
洎,ji4
洏,er2
洐,xing2
洑,fu2
洓,se4
洔,zhi3
洕,yin4
洗,xi3
洘,kao3
洙,zhu1
洚,jiang4
洛,luo4
洝,an4
洞,dong4
洟,ti4
洢,yi1
洣,Mi3
洤,quan2
津,jin1
洦,po4
洧,wei3
洨,xiao2
洪,hong2
洫,xu4
洭,kuang1
洮,tao2
洯,qie4
洰,ju4
洱,er3
洲,zhou1
洳,ru4
洴,ping2
洵,xun2
洷,zhi4
洸,guang1
洹,huan2
洺,ming2
活,huo2
洽,qia4
派,pai4
洿,wu1
浀,qu1
流,liu2
浂,yi4
𣴓,jian4
㳦,xie4
㳬,xuan2
㳳,ke4
洖,wu2
浖,lie4
浗,qiu2
浘,wei3
浙,zhe4
浚,jun4
浛,han4
浜,bang1
浝,mang2
浞,zhuo2
浟,you2
浠,xi1
浡,bo2
浢,dou4
浤,hong2
浥,yi4
浦,pu3
浧,ying3
浨,lan3
浩,hao4
浪,lang4
浫,han3
浬,li3
浭,geng1
浮,fu2
浯,wu2
浰,lian4
浲,feng2
浳,yi4
浴,yu4
浵,tong2
浶,lao2
海,hai3
浸,jin4
浺,chong1
浻,jiong3
浼,mei3
浽,sui1
浾,cheng1
涀,xian4
涃,kun4
涄,ping1
涅,nie4
涆,han4
消,xiao1
涉,she4
涊,nian3
涍,xiao4
涎,xian2
涏,ting3
涐,e2
涑,su4
涒,tun1
涓,juan1
涔,cen2
涕,ti4
涖,li4
涗,shui4
涘,si4
涥,heng1
𣴣,zhuang4
㳾,qiang1
㴁,yi4
㴇,mang2
㴎,nai4
涪,fu2
涫,guan4
涬,xing4
涭,shou4
涮,shuan4
涯,ya2
涱,zhang4
涳,kong1
涴,wo4
涵,han2
涶,tuo1
涸,he2
涹,wo1
涺,ju1
涻,she4
涽,hun1
涾,ta4
涿,zhuo1
淁,qie4
淂,de2
淃,juan4
淄,zi1
淅,xi1
淇,qi2
淈,gu3
淉,guo3
淊,yan1
淋,lin2
淌,tang3
淍,zhou1
淎,peng3
淏,hao4
淐,chang1
淓,fang1
𡠞,fu2
𡠒,guan1
𡠙,tong1
𡟕,shi1
𡟟,cong1
𡞥,hou2
𡞧,zong1
𡟑,hou2
犭,quan3
氵,shui3
丨,gun3
丶,zhu3
丿,pie3
亅,jue2
亠,tou2
冫,bing1
㐨,xu4
㒁,yu3
淔,zhi2
淕,lu4
淖,nao4
淘,tao2
淙,cong2
淜,ping2
淝,fei2
淞,song1
淟,tian3
淠,pi4
淡,dan4
淢,yu4
淣,ni2
淤,yu1
淦,gan4
淫,yin2
淬,cui4
淭,qu2
淮,huai2
淯,yu4
淰,nian3
深,shen1
淲,biao1
淳,chun2
淴,hu1
混,hun4
淹,yan1
添,tian1
淽,zhi3
渀,ben4
渄,fei1
清,qing1
渒,pai4
渚,zhu3
湴,ban4
𣵷,han2
𣵻,tuo2
㴔,xi1
㴛,zhi4
渃,ruo4
渘,rou2
渜,nuan3
渝,yu2
渞,qiu2
渟,ting2
渠,qu2
渡,du4
渣,zha1
渤,bo2
渥,wo4
渧,di4
渨,wei1
渫,xie4
渭,wei4
港,gang3
渰,yan3
渱,hong2
渲,xuan4
渳,mi3
渴,ke3
渵,mao2
渶,ying1
游,you2
渹,hong1
渺,miao3
渻,sheng3
渼,mei3
渽,zai1
渿,nai4
湀,gui3
湁,chi4
湂,e4
湃,pai4
湄,mei2
湅,lian4
湆,qi4
湈,mei2
湉,tian2
湍,tuan1
湎,mian3
湏,hui4
湑,xu3
湒,ji2
湓,pen2
湔,jian1
湕,jian3
湖,hu2
湗,feng4
湘,Xiang1
湙,yi4
湚,yin4
湛,zhan4
湜,shi2
湝,jie1
湟,huang2
湠,tan4
湡,yu2
湢,bi4
湣,min3
湤,shi1
湥,tu1
湦,sheng1
湨,ju2
湩,dong4
湪,tuan4
湫,qiu1
湭,qiu2
湰,long2
湱,huo4
湲,yuan2
湳,nan3
湵,you3
湶,quan2
湷,zhuang1
湸,liang4
溉,gai4
滋,zi1
鿿,ying1
㴧,xi1
㴵,mi4
溍,jin4
溎,gui4
溏,tang2
源,yuan2
溑,suo3
溒,yuan2
溓,lian2
溔,yao3
溗,cheng2
溘,ke4
溙,tai4
溚,da2
溛,wa1
溜,liu1
溞,sao1
溟,ming2
溠,zha4
溢,yi4
溣,lun4
溥,pu3
溧,li4
溩,wu4
溪,xi1
溭,ze2
溯,su4
溱,zhen1
溲,sou1
溴,xiu4
溵,yin1
溶,rong2
溷,hun4
溸,su4
溹,suo4
溺,ni4
溻,ta1
溽,ru4
溾,ai1
溿,pan4
滀,chu4
滁,chu2
滂,pang1
滃,weng3
滆,ge2
滇,Dian1
滈,hao4
滉,huang4
𡠞,fu2
𡠒,guan1
𡠙,tong1
𡟕,shi1
𡟟,cong1
𡞥,hou2
𡞧,zong1
𡟑,hou2
犭,quan3
氵,shui3
丨,gun3
丶,zhu3
丿,pie3
亅,jue2
亠,tou2
冫,bing1
㐨,xu4
㒁,yu3
滊,xi4
滍,zhi4
滏,fu3
滐,jie2
滑,hua2
滒,ge1
滓,zi3
滔,tao1
滕,teng2
滖,sui1
滘,jiao4
滜,hao4
滧,yao2
漓,li2
㵀,zu2
㵃,she2
㵆,hao4
滫,xiu3
滮,biao1
滰,jiang4
滱,kou4
滳,shang1
滴,di1
滵,mi4
滶,ao2
滹,hu1
滼,fan4
滽,yong1
漀,qing3
漂,piao1
漃,ji2
漅,chao2
漆,qi1
漇,xi3
漈,ji4
漉,lu4
漌,jin3
漏,lou4
漒,qiang2
演,yan3
漕,cao2
漖,jiao4
漗,cong1
漘,chun2
漛,teng2
漜,ye3
漝,xi2
漞,mi4
漟,tang2
漠,mo4
漤,lan3
漥,wa1
漨,feng2
漩,xuan2
漪,yi1
漫,man4
漭,mang3
漮,kang1
漯,luo4
漰,peng1
漱,shu4
漳,zhang1
漴,chong2
漵,xu4
漶,huan4
漷,huo3
漹,yan1
漺,shuang3
漻,liao2
漼,cui3
漾,yang4
潀,zong3
潌,zhi4
𣻏,jiao1
𣻕,mo2
㵊,na4
㵐,jue2
㵓,shi2
㵘,man4
漋,long2
漽,ti2
潎,pi4
潏,yu4
潐,jiao4
潒,xiang4
潓,hui4
潖,pa2
潗,ji2
潘,pan1
潝,xi1
潞,lu4
潟,xi4
潠,xun4
潡,dun4
潢,huang2
潥,su4
潦,liao2
潨,cong2
潩,yi4
潪,zhi2
潫,wan1
潭,tan2
潮,chao2
潱,ye1
潲,shao4
潳,tu2
潵,san4
潶,hei1
潸,shan1
潺,chan2
潻,shu3
潼,tong2
潽,pu1
潾,lin2
澃,jiong3
澄,cheng2
澈,che4
澉,gan3
澊,cun1
澋,hong4
澌,si1
澍,shu4
澎,peng1
澓,fu2
澔,hao4
㵭,zhu3
㵮,chun2
澞,yu2
澡,zao3
澥,xie4
澧,li3
澨,shi4
澪,ling2
澭,yong1
𡠞,fu2
𡠒,guan1
𡠙,tong1
𡟕,shi1
𡟟,cong1
𡞥,hou2
𡞧,zong1
𡟑,hou2
犭,quan3
氵,shui3
丨,gun3
丶,zhu3
丿,pie3
亅,jue2
亠,tou2
冫,bing1
㐨,xu4
㒁,yu3
澯,can4
澲,ye4
澳,ao4
澴,huan2
澵,zhen1
澶,chan2
澷,man4
澸,dan3
澹,dan4
澺,yi4
澻,sui4
澼,pi4
澽,ju4
澿,qin2
激,ji1
濂,lian2
濈,ji2
濉,sui1
濋,chu3
濌,ta4
濍,song1
濎,ding3
濏,se4
濓,lian2
濖,shu4
𣿉,yi4
㵴,cang2
㵵,zou4
㵶,zuo1
濗,mi4
濝,qi2
濞,pi4
濠,hao2
濡,ru2
濢,zui3
濣,wo4
濥,yin3
濦,yin3
濨,ci2
濩,huo4
濪,qing4
濬,jun4
濭,ai3
濮,Pu2
濯,zhuo2
濲,gu3
濷,fei4
濸,cang1
㶀,jiao1
㶁,guo2
濽,zan4
瀀,you1
瀁,yang4
瀊,pan2
瀌,biao1
瀍,chan2
瀎,mo4
瀑,pu4
瀔,gu3
瀖,huo4
瀗,xian4
瀚,han4
瀛,ying2
瀜,rong2
瀞,jing4
瀡,sui3
瀣,xie4
瀤,huai2
瀪,fan2
瀫,hu2
瀮,lian2
瀱,ji4
瀵,fen4
瀶,lin2
瀷,yi4
瀸,jian1
瀹,yue4
瀺,chan2
瀻,dai4
瀼,rang2
瀽,jian3
瀿,fan2
灀,shuang4
𤃭,jiao3
㶓,cang2
灂,zhuo2
灅,lei3
灈,qu2
灉,yong1
灊,qian2
灌,guan4
灖,mi3
灗,shan4
灚,jiao3
灛,chan3
㶞,nang3
㶟,lei3
灞,ba4
灢,nang3
㶠,yi4
灥,xun2
灦,xian3
灪,yu4
𤆀,biao1
火,huo3
灰,hui1
灱,xiao1
炇,pu1
㶥,gan1
灴,hong2
灶,zao4
灷,zhuan4
灸,jiu3
灹,zha4
灺,xie4
灼,zhuo2
𤆜,gua4
𡠞,fu2
𡠒,guan1
𡠙,tong1
𡟕,shi1
𡟟,cong1
𡞥,hou2
𡞧,zong1
𡟑,hou2
犭,quan3
氵,shui3
丨,gun3
丶,zhu3
丿,pie3
亅,jue2
亠,tou2
冫,bing1
㐨,xu4
㒁,yu3
炂,zhong1
炃,ben4
炄,niu3
炅,jiong3
炆,wen2
炈,yi4
炊,chui1
炋,pi1
炍,pan4
炎,yan2
炐,pang4
炑,mu4
炒,chao3
炓,liao4
炕,kang4
炘,xin1
炙,zhi4
炞,bian1
𤆤,zhen4
𤆬,chua1
𤆴,huang1
𤆺,kong3
㶫,liao3
㶭,you3
㶲,yong4
炟,da2
炠,xia2
炡,zheng1
炢,zhu2
炣,ke3
炥,fu2
炦,ba2
炩,ling4
炪,zhuo1
炫,xuan4
炬,ju4
炭,tan4
炮,pao4
炯,jiong3
炰,pao2
炱,tai2
炳,bing3
炴,yang3
炵,tong1
炶,shan3
炷,zhu4
炸,zha4
炻,shi2
炾,huang3
烀,hu1
㶷,xu1
烄,jiao3
烅,xu4
烆,heng2
烇,quan3
烈,lie4
烊,yang2
烋,xiao1
烌,xiu1
烍,xian3
烎,yin2
烐,zhou1
烑,yao2
烒,shi4
烓,wei1
烔,tong2
烕,mie4
烗,kai4
烘,hong1
烙,lao4
烚,xia2
烜,xuan3
烝,zheng1
烞,po4
烠,hui2
烢,che4
烤,kao3
烯,xi1
烰,fu2
烲,xie4
烳,pu3
烵,zhuo2
烶,ting3
烷,wan2
烸,hai3
烹,peng1
烺,lang3
烻,yan4
烼,xu4
烽,feng1
烿,rong2
焀,hu2
焁,xi1
焂,shu1
焃,he4
焄,xun1
焅,ku4
焆,juan1
焇,xiao1
焉,yan1
焊,han4
焋,zhuang4
焌,qu1
焍,di4
焐,wu4
焓,han2
焗,ju2
𤈦,hui3
㷄,hui3
㷅,chao3
㷉,wei4
焙,bei4
焚,fen2
焜,kun1
焝,hun4
焞,tun1
焟,xi1
焢,hong1
焣,ju4
焥,wo4
焦,jiao1
焨,feng4
焩,ping2
焪,qiong2
焫,ruo4
焬,xi1
焮,xin4
焯,chao1
焰,yan4
焱,yan4
焲,yi4
焴,yu4
焵,gang4
然,ran2
焷,pi2
焸,gu3
焺,sheng1
焻,chang4
焾,nian3
煀,wei5／wei0
煮,zhu3
㮡,guan4
煁,chen2
煂,he4
煃,kui3
煄,zhong3
煅,duan4
煆,xia1
煊,xuan1
煋,xing1
煌,huang2
煍,jiao3
煎,jian1
煏,bi4
煐,ying1
煓,tuan1
煔,shan3
煘,chan2
煚,jiong3
煜,yu4
煝,mei4
煞,sha1
煟,wei4
煠,ye4
煣,rou3
煤,mei2
煦,xu3
照,zhao4
煨,wei1
煪,qiu2
煯,jie1
煰,zao4
𡠞,fu2
𡠒,guan1
𡠙,tong1
𡟕,shi1
𡟟,cong1
𡞥,hou2
𡞧,zong1
𡟑,hou2
犭,quan3
氵,shui3
丨,gun3
丶,zhu3
丿,pie3
亅,jue2
亠,tou2
冫,bing1
㐨,xu4
㒁,yu3
煲,bao1
煳,hu2
煵,nan3
煶,shi4
煸,bian1
𤊶,la4
𤊽,liao4
㷟,tui4
㷠,lin2
㷣,xing1
煛,jiong3
煹,gou4
煻,tang2
煽,shan1
煾,en1
煿,bo2
熀,huang3
熁,xie2
熃,wu4
熆,he2
熇,he4
熊,xiong2
熋,nai2
熎,yao4
熐,mi4
熑,lian2
熓,wu3
熔,rong2
熘,liu1
熙,xi1
蒸,zheng1
㷫,qing3
熛,biao1
熜,zong3
熝,ao1
熠,yi4
熢,peng2
熣,sui1
熤,yi4
熥,teng1
熧,zong1
熨,yun4
熩,hu4
熪,yi2
熬,ao2
熭,wei4
熮,liu3
熯,han4
熳,man4
熵,shang1
㷳,yan4
熷,zeng1
熸,jian1
熹,xi1
熺,xi1
熻,xi1
熼,yi4
熽,xiao4
燂,tan2
燃,ran2
燅,xun2
燊,shen1
燋,jiao1
燍,si1
燎,liao2
燏,yu4
燔,fan2
燕,yan4
燚,yi4
燝,zhu3
燞,jiao3
燠,yu4
燢,xue2
燣,lan2
燤,tai4
燥,zao4
燧,sui4
燨,xi1
燩,que4
燮,xie4
燱,yi4
燷,lan2
𤐔,tan2
𤐙,bi4
𤐣,ding3
燸,ru2
燹,xian3
爀,he4
爂,biao1
𤐩,kai4
𤐫,biao1
㸆,kao4
爅,mo4
爆,bao4
爇,ruo4
爈,lü2
爉,la4
爊,ao1
㸌,huo4
爑,jue2
爒,liao3
爘,can1
爙,rang3
爚,yue4
爜,cong2
爝,jue2
爞,chong2
爟,guan4
爠,qu2
爡,che4
爢,mi2
爦,lan3
爨,cuan4
爩,yu4
爪,zhua3
爫,zhao3
㸒,yin2
爬,pa2
爮,pao2
爰,yuan2
𤔔,luan4
𤔙,shua3
爵,jue2
𤕇,sou3
父,fu4
爸,ba4
㸖,qu1
𤕒,ge3
㸗,tong2
爹,die1
𡠞,fu2
𡠒,guan1
𡠙,tong1
𡟕,shi1
𡟟,cong1
𡞥,hou2
𡞧,zong1
𡟑,hou2
犭,quan3
氵,shui3
丨,gun3
丶,zhu3
丿,pie3
亅,jue2
亠,tou2
冫,bing1
㐨,xu4
㒁,yu3
㸙,zhe1
爻,yao2
㸚,li3
𤕠,shu1
爽,shuang3
爿,pan2
牁,ke1
牂,zang1
㸜,kong4
牄,qiang1
片,pian4
版,ban3
牉,pan4
牊,chao2
牌,pai2
𤗈,xie4
牏,yu2
牑,bian1
牒,die2
牔,bo2
牖,you3
㸣,ye4
牙,ya2
𤘅,ya2
𬌗,he2
牚,cheng4
牛,niu2
㸨,jiu1
牝,pin4
牞,jiu1
牟,mou2
㸩,an1
㸪,chun2
牡,mu3
牢,lao2
牣,ren4
牤,mang1
㸬,bei4
㸭,ba1
㸮,fen2
㸯,ke1
牥,fang1
牧,mu4
牨,gang1
物,wu4
牪,yan4
牫,ge1
牬,bei4
㸰,tuo2
㸱,tuo2
㸳,ling2
牭,si4
牮,jian4
牯,gu3
牰,you4
牱,ge1
牲,sheng1
牳,mu3
㸵,gui3
㸶,yan1
㸷,shi4
㸸,hou3
牶,quan4
牷,quan2
牸,zi4
特,te4
㸹,lie4
㸺,sha1
㸻,si4
㸼,feng1
㸽,bei4
㸾,ren4
㹀,bo2
牻,mang2
牾,wu2
牿,gu4
犁,li2
𤙭,fu3
㹁,liang2
㹃,fei4
犀,xi1
犃,pou3
犄,ji1
犆,zhi2
犇,ben1
犈,quan2
犉,chun2
犋,ju4
㹆,hui1
㹇,he2
㹈,li2
犌,jia1
犍,jian1
犎,feng1
犏,pian1
犐,ke1
犑,ju2
㹄,ji4
㹉,yuan2
㹋,xiu1
犒,kao4
犔,xi4
犕,bei4
犗,jie4
㹌,chan3
㹍,di2
㹎,lei2
㹏,jin3
㹐,chong2
犘,ma2
犙,san1
犚,wei4
㹑,si4
㹒,pu3
犜,dun1
犝,tong2
犟,jiang4
㹔,jiang1
㹕,huan1
㹖,huan4
㹗,tao1
犡,li4
犣,lie4
犥,piao3
犦,bao4
犨,chou1
犩,wei2
犪,kui2
犫,chou1
犬,quan3
犭,quan3
犮,ba2
犯,fan4
犰,qiu2
犱,ji3
犳,zhuo2
犴,an4
犵,jie2
𤜡,hui2
㹜,yin2
犺,kang4
犻,bo2
犼,hou3
犽,ya2
犿,huan1
狁,yun3
狂,kuang2
狃,niu3
狄,di2
狅,qing1
狆,zhong4
狇,mu4
𤜵,yan4
㹢,jia1
狉,pi1
狊,ju2
狋,yi2
狍,pao2
狎,xia2
狏,tuo2
狐,hu2
狑,ling2
狒,fei4
狓,pi2
狔,ni3
狕,ao3
狖,you4
狗,gou3
狘,yue4
狙,ju1
狚,dan4
狛,po4
狜,gu3
𤝕,mu3
𡠞,fu2
𡠒,guan1
𡠙,tong1
𡟕,shi1
𡟟,cong1
𡞥,hou2
𡞧,zong1
𡟑,hou2
犭,quan3
氵,shui3
丨,gun3
丶,zhu3
丿,pie3
亅,jue2
亠,tou2
冫,bing1
㐨,xu4
㒁,yu3
𤝞,chu4
𪺹,nu3
𱭶,ka4
㹬,shi3
狟,huan2
狠,hen3
狡,jiao3
狣,zhao4
狤,ji2
狦,shan1
狧,ta4
狨,rong2
狩,shou4
狪,tong2
狫,lao3
𤝱,ye4
㹱,que4
㹲,xiao1
㹳,wu2
㹴,geng1
狳,yu2
狴,bi4
狵,mang2
狶,shi3
狷,juan4
狸,li2
狺,yin2
狻,suan1
狼,lang2
狾,zhi4
狿,yan2
猀,sha1
猁,li4
㹼,ju2
㺀,hu1
猄,jing1
猅,pai2
猆,fei1
猇,xiao1
猈,ba4
猉,qi2
猊,ni2
猋,biao1
猏,jian1
猐,qiang1
猑,kun1
猓,guo3
猔,zong4
猖,chang1
猗,yi1
猘,she1
猚,ya2
猛,meng3
猜,cai1
猝,cu4
㺄,yu2
猢,hu2
猣,zong1
猤,gui4
猥,wei3
猦,feng1
猩,xing1
猭,chuan1
猰,ya4
猱,nao2
猲,ge2
猳,jia1
猴,hou2
猵,bian1
猷,you2
猸,mei2
猹,zha1
㺋,weng1
猺,yao2
猼,bo2
猽,ming2
猾,hua2
猿,yuan2
獀,sou1
獃,dai1
獆,hao2
獈,yi4
獉,zhen1
𤠙,jia1
𤠶,dian1
㺐,zhao3
㺒,xiao1
獌,man4
獍,jing4
獐,zhang1
獒,ao2
獓,ao2
獔,hao2
獕,cui1
㺔,hai4
獋,gao1
獗,jue2
獙,bi4
獚,huang2
獛,pu2
獜,lin2
獝,yu4
獞,tong2
獠,liao2
獡,que4
𤡲,kai1
獥,xi2
獦,ge2
獧,juan4
獬,xie4
獯,Xun1
獳,nou4
獴,meng3
獶,nao2
㺢,huo4
㺦,lian2
獽,rang2
獾,huan1
獿,nao2
玃,jue2
㺧,xiao1
𤣟,Lan3
玄,xuan2
玆,zi1
率,lü4
玈,lu2
王,wang2
玉,yu4
玊,su4
玌,qiu2
玍,ga3
㺩,jiu4
玎,ding1
玏,le4
玐,ba1
玒,hong2
玓,di4
玕,gan1
玖,jiu3
玗,yu2
玘,qi3
㺱,reng2
玞,fu1
玟,wen2
玠,jie4
玡,ya2
玢,bin1
玤,bang4
玥,yue4
玦,jue2
玧,men2
玨,jue2
玩,wan2
玪,jian1
玫,mei2
玬,dan3
𡠞,fu2
𡠒,guan1
𡠙,tong1
𡟕,shi1
𡟟,cong1
𡞥,hou2
𡞧,zong1
𡟑,hou2
犭,quan3
氵,shui3
丨,gun3
丶,zhu3
丿,pie3
亅,jue2
亠,tou2
冫,bing1
㐨,xu4
㒁,yu3
玭,pin2
鿱,ba1
㺸,ping2
玲,ling2
玳,dai4
玴,yi4
玵,an2
玶,ping2
玷,dian4
玸,fu2
玹,xuan2
玻,bo1
玼,ci3
玽,gou3
玾,jia3
玿,shao2
珀,po4
珂,ke1
珄,sheng1
珆,yi2
珇,zu3
珈,jia1
珉,min2
珊,shan1
珋,liu3
珌,bi4
珍,zhen1
㺿,yi2
珓,jiao4
珔,jian4
珕,li4
珖,guang1
珗,xian1
珘,zhou1
珙,gong3
珚,yan1
珛,xiu4
珜,yang2
珞,luo4
珠,zhu1
珢,yin2
珣,xun2
珥,er3
珦,xiang4
珧,yao2
珨,xia2
珩,heng2
珪,gui1
珬,xu4
班,ban1
琉,liu2
㻊,mang2
㻍,wu2
珵,cheng2
珶,di4
珸,wu2
珺,jun4
珽,ting3
珿,chu4
琀,han2
琁,xuan2
琂,yan2
球,qiu2
琅,lang2
理,li3
琇,xiu4
琈,fu2
琍,li4
琓,wan2
㻓,zou1
珷,wu3
琔,dian4
琙,yu4
琚,ju1
琛,chen1
琟,wei2
琡,chu4
琢,zhuo2
琤,cheng1
琥,hu3
琦,qi2
琧,e4
琨,kun1
琩,chang1
琪,qi2
琫,beng3
琬,wan3
琭,lu4
琮,cong2
琯,guan3
琰,yan3
琲,bei4
琳,lin2
琴,qin2
琵,pi2
琶,pa2
㻞,bin1
瑀,yu3
瑁,mao4
瑃,chun1
瑄,xuan1
瑅,ti2
瑈,rou2
瑊,jian1
瑎,xie2
瑏,chuan1
瑑,zhuan4
瑓,lian4
瑕,xia2
瑖,duan4
瑘,ye2
瑙,nao3
瑚,hu2
瑛,ying1
瑜,yu2
瑝,huang2
瑞,rui4
瑟,se4
𤧛,di4
瑢,rong2
瑨,jin4
瑬,liu2
瑭,tang2
瑰,gui1
瑱,tian4
瑳,cuo3
瑴,jue2
瑵,zhao3
㻬,tu1
瑹,shu1
瑾,jin3
瑿,yi1
璀,cui3
璁,cong1
璂,qi2
璃,li2
璅,suo3
璆,qiu2
璇,xuan2
璈,ao2
璋,zhang1
璏,wei4
璐,lu4
璑,wu2
璒,deng1
璖,qu2
璘,lin2
璙,liao2
璚,qiong2
璜,huang2
璞,pu2
璟,jing3
璠,fan2
璧,bi4
𡠞,fu2
𡠒,guan1
𡠙,tong1
𡟕,shi1
𡟟,cong1
𡞥,hou2
𡞧,zong1
𡟑,hou2
犭,quan3
氵,shui3
丨,gun3
丶,zhu3
丿,pie3
亅,jue2
亠,tou2
冫,bing1
㐨,xu4
㒁,yu3
璨,can4
璩,qu2
璪,zao3
璭,gun4
璱,se4
璶,jin4
璷,lu2
璺,wen4
瓁,wo4
𤪌,qi2
瓇,rou2
瓋,bo2
瓖,xiang1
𤫉,xie4
瓗,qiong2
瓘,guan4
瓙,dao4
瓜,gua1
瓝,bo2
㼉,zhen4
㼊,tun2
㼋,gu1
㼌,yu3
瓞,die2
瓟,bo2
㼍,lei3
㼎,bo2
瓠,hu4
㼏,nei3
瓡,zhi2
㼐,pian2
㼑,lian4
㼒,tang3
㼓,lian2
㼔,wen1
瓢,piao2
㼕,dang1
瓣,ban4
瓤,rang2
瓥,li4
㼖,li4
瓦,wa3
㼗,ting2
㼘,wa3
㼙,zhou4
瓨,xiang2
㼚,gang1
瓪,ban3
瓬,fang3
瓭,dan3
㼜,ang4
㼞,peng4
㼟,bo2
㼠,tuo2
瓳,hu2
瓴,ling2
瓵,yi2
㼡,shu1
㼢,yi2
㼣,bo2
㼤,qie4
㼥,tou3
㼦,gong3
瓶,ping2
瓷,ci2
𬎩,fou3
㼧,tong2
㼨,han2
㼩,cheng2
㼪,jie2
瓹,juan1
瓺,chang2
瓻,chi1
㼫,huan4
㼬,xing4
㼭,dian4
㼮,chai1
㼯,dong4
㼰,pi2
瓽,dang4
瓾,meng3
瓿,bu4
甀,zhui4
𤭢,sui4
㼵,di4
甂,bian1
甃,zhou4
甄,zhen1
甇,ying1
甈,qi4
甋,di4
甍,meng2
甏,beng4
甐,lin2
甑,zeng4
甓,pi4
㽉,xian4
甗,yan3
㽊,xie4
甘,gan1
甙,dai4
甚,shen4
甜,tian2
㽎,tan2
㽏,gan4
生,sheng1
𤯝,sheng3
甡,sheng1
甤,rui2
甥,sheng1
甧,sen1
用,yong4
甩,shuai3
甪,lu4
甫,fu3
甬,yong3
甭,beng2
甮,feng4
𤰈,bei4
甯,ning4
田,tian2
由,you2
甲,jia3
申,shen1
甴,zha2
甶,fu2
㽕,you2
男,nan2
甸,dian4
甹,ping1
町,ting3
甼,ting3
𠃫,shen1
𤰚,la2
𪽇,ke1
甾,zi1
甿,meng2
畀,bi4
畃,xun2
㽘,gang3
㽚,chi4
畇,yun2
畈,fan4
畋,tian2
界,jie4
畎,quan3
畏,wei4
畐,fu2
畑,tian2
畓,quan2
畔,pan4
畕,jiang1
畖,wa1
留,liu2
畚,ben3
畛,zhen3
畜,xu4
畟,ce4
畤,zhi4
略,lüe4
𡠞,fu2
𡠒,guan1
𡠙,tong1
𡟕,shi1
𡟟,cong1
𡞥,hou2
𡞧,zong1
𡟑,hou2
犭,quan3
氵,shui3
丨,gun3
丶,zhu3
丿,pie3
亅,jue2
亠,tou2
冫,bing1
㐨,xu4
㒁,yu3
畦,qi2
㽠,xia2
番,fan1
畬,yu2
畭,yu2
畯,jun4
畲,she1
㽤,ju2
畷,zhui4
畸,ji1
畹,wan3
𤲑,zhu3
畾,lei2
畿,ji1
疀,cha1
疃,tuan3
疄,lin2
疆,jiang1
疈,pi4
㽯,xi2
疋,shu1
疌,jie2
疏,shu1
㽰,shu4
疐,zhi4
疑,yi2
𤴡,di4
疒,chuang2
㽱,jiao3
疓,nai3
疔,ding1
疕,bi3
𤴦,jiu1
疙,yi4
疚,jiu4
疛,zhou3
疜,xia4
疝,shan4
疢,chen4
疣,you2
疤,ba1
疥,jie4
疦,jue2
疧,qi2
疨,ya3
疫,yi4
𤵒,wen2
㾀,qie4
㾁,shu4
疰,zhu4
疲,pi2
疳,gan1
疵,ci1
疶,xue1
疷,zhi1
疸,dan3
疹,zhen3
疻,zhi3
疼,teng2
疽,ju1
疾,ji2
痀,ju1
痁,shan1
痂,jia1
痃,xuan2
痄,zha4
病,bing4
症,zheng4
㾏,jie4
痊,quan2
痋,teng2
痌,tong1
痍,yi2
痎,jie1
痏,wei3
痑,tan1
痓,chi4
痔,zhi4
痕,hen2
𤵽,hai4
㾓,yuan1
痗,mei4
痘,dou4
痚,xiao1
痛,tong4
痝,mang2
痞,pi3
痟,xiao1
痠,suan1
痡,pu1
痢,li4
痣,zhi4
痤,cuo2
痥,duo2
痦,wu4
痧,sha1
𤶘,hu1
㾥,chu4
痯,guan3
痰,tan2
痱,fei4
痳,lin2
痴,chi1
痵,ji4
痸,chi4
痼,gu4
痿,wei3
瘀,yu1
瘁,cui4
瘃,zhu2
㾪,sheng3
㾮,huang2
㾯,hui1
㾴,zha1
瘈,zhi4
瘊,hou2
瘌,la4
瘎,chen2
瘏,tu2
瘐,yu3
瘒,wen2
瘔,ku4
瘕,jia3
瘖,yin1
瘟,wen1
𤸁,hui4
𤸎,ke3
㾶,gu3
㾷,xi1
㾹,chai2
瘛,chi4
瘝,guan1
瘠,ji2
瘢,ban1
瘤,liu2
瘥,cuo2
瘦,shou4
瘨,chen1
瘩,da5／da0
𤸬,shuai1
㿃,dai3
瘭,biao1
瘯,cu4
瘰,luo3
瘳,chou1
瘴,zhang4
瘵,zhai4
瘶,sou4
瘸,que2
瘹,diao4
瘼,mo4
瘽,qin2
癊,ai2
癀,huang2
癍,ban1
𤺊,xi1
𤺪,shan4
㿋,sao4
癑,nong4
𡠞,fu2
𡠒,guan1
𡠙,tong1
𡟕,shi1
𡟟,cong1
𡞥,hou2
𡞧,zong1
𡟑,hou2
犭,quan3
氵,shui3
丨,gun3
丶,zhu3
丿,pie3
亅,jue2
亠,tou2
冫,bing1
㐨,xu4
㒁,yu3
癔,yi4
癗,lei3
癙,shu3
癜,dian4
癪,ji1
癯,qu2
癶,bo1
癸,gui3
癹,ba2
登,deng1
白,bai2
百,bai3
癿,qie2
皀,ji2
皂,zao4
的,di4
皅,pa1
皆,jie1
皇,huang2
畠,tian2
皉,ci3
皊,ling2
皋,gao1
㿠,huang4
皎,jiao3
皓,hao4
皔,han4
皕,bi4
皖,Wan3
皗,chou2
皘,qian4
皙,xi1
皛,xiao3
皝,huang4
皞,hao4
皠,cui3
皢,xiao3
皣,ye4
皤,po2
皦,jiao3
皫,piao3
皭,cu3
皮,pi2
皯,gan3
𤿎,pi1
𤿙,pi2
皴,cun1
皵,que4
皶,zha1
㿸,wan3
皻,zha1
皽,zhao1
𥀺,xie4
皿,min3
盂,yu2
㿽,xi1
盅,zhong1
盆,pen2
盈,ying2
㿾,zhu4
㿿,ya3
䀀,fan4
盉,he2
益,yi4
盍,he2
盎,ang4
𥁕,wen1
䀁,you4
䀂,an1
盒,he2
盓,yu1
盔,kui1
盛,cheng2
䀃,tui2
䀅,she4
盝,lu4
盟,meng2
盠,li2
盢,xu4
䀇,gu3
盥,guan4
盦,an1
盩,zhou1
盬,gu3
䀊,jiao3
盭,li4
𥃣,kai3
目,mu4
盯,ding1
䀐,shan1
盰,gan4
盱,xu1
盲,mang2
直,zhi2
盵,qi4
䀚,ang2
盶,yuan3
盷,tian2
相,xiang1
盹,dun3
盻,xi4
盼,pan4
盾,dun4
盿,min2
眀,ming2
省,sheng3
眄,mian3
眅,pan1
眆,fang3
眇,miao3
眈,dan1
眉,mei2
眊,mei4
看,kan4
𥄉,jiao1
𥄎,xue4
𥄕,mo4
𪛟,wang4
䀟,fu2
䀠,ju4
䀦,gu3
眏,yang1
眑,yao3
眒,shen1
眔,da4
眕,zhen3
眗,ju1
眙,chi4
眚,sheng3
眛,mei4
眜,mo4
真,zhen1
眠,mian2
眢,yuan1
眣,die2
眧,chao3
眨,zha3
眩,xuan4
𥄲,mie2
𥅘,zhen3
䀫,jia2
眭,hui1
眮,tong2
眱,di4
眳,ming2
眴,xuan4
眵,chi1
眷,juan4
眸,mou2
𡠞,fu2
𡠒,guan1
𡠙,tong1
𡟕,shi1
𡟟,cong1
𡞥,hou2
𡞧,zong1
𡟑,hou2
犭,quan3
氵,shui3
丨,gun3
丶,zhu3
丿,pie3
亅,jue2
亠,tou2
冫,bing1
㐨,xu4
㒁,yu3
眹,zhen4
眺,tiao4
眻,yang2
眼,yan3
眽,mo4
𥅻,chong4
䀰,gu3
睃,jun4
睄,shao4
睅,han4
睆,huan3
睇,di4
睈,cheng3
睉,cuo2
睊,juan4
睋,e2
睌,mian3
睎,xi1
鿃,shan3
𥆞,juan4
䁆,ye4
睒,shan3
睖,leng4
睘,qiong2
睚,ya2
睛,jing1
睝,li2
睟,sui4
睢,sui1
督,du1
睥,pi4
睦,mu4
睨,ni4
睩,lu4
睫,jie2
睬,cai3
睭,zhou3
䁌,yu4
䁍,qia4
䁎,cheng2
䁏,yao3
䁐,ying1
䁒,ji2
睡,shui4
睮,yu2
睯,hun1
睰,ma4
睱,xia4
睲,xing3
睳,xi1
睵,zai1
睹,du3
睺,hou2
睼,tian4
睽,kui2
瞀,mao4
瞁,xu4
瞂,fa2
瞄,miao2
瞅,chou3
𥈬,ou1
瞈,weng3
瞉,kou4
瞋,chen1
瞌,ke1
瞍,sou3
瞎,xia1
瞐,mo4
瞑,ming2
𥉖,wei4
𥉳,liu1
瞙,mo4
瞟,piao3
瞠,cheng1
瞢,meng2
瞥,pie1
瞦,liao4
瞧,qiao2
瞪,deng4
瞫,shen3
瞬,shun4
瞰,kan4
瞲,xu4
瞳,tong2
瞵,lin2
瞻,zhan1
瞽,gu3
瞿,ju4
矂,sao4
矆,huo4
䁽,lie4
䁾,mie4
矍,jue2
矎,xuan1
䁿,mo4
矐,huo4
矒,meng2
矔,guan4
𥍉,she4
矗,chu4
矛,mao2
䂆,xu4
𥍞,nü4
䂇,nang2
矜,jin1
矞,yu4
矟,shuo4
矠,ze2
矢,shi3
矣,yi3
知,zhi1
矧,shen3
矩,ju3
矬,cuo2
短,duan3
矮,ai3
矰,zeng1
矱,yue1
石,shi2
矸,gan1
矹,wu4
矺,zhe2
矼,gang1
𥐞,mang2
泵,beng4
砂,sha1
砄,jue2
砅,li4
砆,fu1
砈,e4
砉,xu1
砊,kang1
砌,qi4
砍,kan3
砎,jie4
砏,fen1
砐,e4
砑,ya4
砒,pi1
砓,zhe2
研,yan2
砘,dun4
砙,wa3
䂟,jia1
䂠,shi3
䂡,di3
𡠞,fu2
𡠒,guan1
𡠙,tong1
𡟕,shi1
𡟟,cong1
𡞥,hou2
𡞧,zong1
𡟑,hou2
犭,quan3
氵,shui3
丨,gun3
丶,zhu3
丿,pie3
亅,jue2
亠,tou2
冫,bing1
㐨,xu4
㒁,yu3
䂢,dong3
䂣,ci2
䂧,zhen3
砝,fa3
砞,mo4
砟,zha3
砠,ju1
砡,yu4
砢,luo3
砣,tuo2
砥,di3
砧,zhen1
砩,fu2
砪,mu3
砫,zhu3
砬,la2
砭,bian1
砮,nu3
砯,ping1
砰,peng1
砱,ling2
砳,le4
破,po4
砵,e4
砷,shen1
砸,za2
砹,ai4
砼,tong2
鿬,tian2
𥑢,bu4
䂮,lüe4
硅,gui1
硇,nao2
硈,qia4
硊,wei3
硋,ai4
硌,luo4
硍,ken4
硎,xing2
硐,dong4
硒,xi1
䂳,chua3
硝,xiao1
硞,que4
硠,lang2
硩,che4
硪,e2
硫,liu2
硬,ying4
硭,mang2
硰,sha1
硱,kun3
硴,hua1
硶,chen3
䂷,guai1
䂺,wo3
䂼,nie4
䂽,diao4
硼,peng2
硽,yan1
硿,kong1
碇,ding4
碈,hun1
碉,diao1
碋,he4
碌,lu4
碎,sui4
碏,que4
碐,leng2
碑,bei1
碒,yin2
碓,dui4
碔,wu3
碕,qi2
碗,wan3
碘,dian3
碚,bei4
碰,peng4
𬒔,geng3
䃎,zha4
硾,zhui4
碞,yan2
碟,die2
碡,zhou2
碣,jie2
碥,bian3
碧,bi4
碨,wei1
碫,duan4
碬,xia2
碯,nao3
碲,di4
碳,tan4
碴,cha2
磁,ci2
䃑,ban1
碻,que4
碾,nian3
磃,si1
磄,tang2
磅,bang4
磆,hua2
磈,wei3
磉,sang3
磊,lei3
磋,cuo1
磌,tian2
磍,xia2
磏,lian2
磐,pan2
磓,dui1
磔,zhe2
磕,ke1
磖,la1
磘,yao2
磙,gun3
磤,yin1
𥔲,e4
䃚,cu4
磛,chan2
磝,ao2
磡,kan4
磢,qiang3
磨,mo2
磩,qi1
磪,cui1
磫,zong1
磬,qing4
磭,chuo4
𥕢,cao2
䃟,san1
磰,shan4
磲,qu2
磳,zeng1
磴,deng4
磶,xi4
磷,lin2
磹,tan2
磺,huang2
磻,bo1
礁,jiao1
礃,zhang3
礅,dun1
䃭,gan3
礊,ke4
礓,jiang1
𥖨,zao4
䃰,ca1
礘,qi4
礜,yu4
礝,ruan3
𡠞,fu2
𡠒,guan1
𡠙,tong1
𡟕,shi1
𡟟,cong1
𡞥,hou2
𡞧,zong1
𡟑,hou2
犭,quan3
氵,shui3
丨,gun3
丶,zhu3
丿,pie3
亅,jue2
亠,tou2
冫,bing1
㐨,xu4
㒁,yu3
礞,meng2
礟,pao4
礡,bo2
䃲,pan2
礢,yang3
礣,ma4
礤,ca3
礧,lei2
礨,lei3
𥗀,liao3
䃶,huai2
礭,que4
礯,ying1
礳,mo4
礴,bo2
䃸,xian4
礵,shuang1
礶,guan4
礷,lan2
䃺,mo2
示,shi4
礻,shi4
䃼,chu1
礽,reng2
社,she4
礿,yue4
祀,si4
祁,qi2
祂,ta1
䃾,bi3
䃿,fu1
祆,xian1
祇,qi2
祈,qi2
祉,zhi3
祊,beng1
祋,dui4
祏,shi2
祐,you4
祑,zhi4
祓,fu2
祔,fu4
祖,zu3
祗,zhi1
祙,mei4
祚,zuo4
祛,qu1
祜,hu4
祝,zhu4
神,shen2
祟,sui4
祠,ci2
祡,chai2
祣,lü3
祥,xiang2
祧,tiao1
票,piao4
祩,zhu4
祪,gui3
祫,xia2
祭,ji4
祦,wu2
祰,gao4
祲,jin1
祵,kun3
祺,qi2
祼,guan4
祽,zui4
祾,ling2
禁,jin1
禂,dao3
禃,zhi2
禇,zhe3
禈,hui1
禉,you3
禊,xi4
禋,yin1
禌,zi1
福,fu2
禒,xian3
禔,ti2
禖,mei2
禗,si1
禘,di4
禚,zhuo2
禛,zhen1
禠,si1
禢,ta4
禤,Xuan1
禳,rang2
禴,yue4
禶,zan4
禷,lei4
禸,rou2
禹,yu3
禺,yu2
禼,xie4
禽,qin2
禾,he2
䄦,liao3
䄧,reng2
秀,xiu4
私,si1
䄩,yi4
䄪,diao3
秄,zi3
秅,cha2
秉,bing3
秋,qiu1
秏,hao4
秐,yun2
科,ke1
秒,miao3
秕,bi3
秖,zhi1
秘,mi4
秙,ku4
秝,li4
租,zu1
秠,pi1
秣,mo4
秤,cheng4
秦,Qin2
秧,yang1
秨,zuo2
秩,zhi4
秪,zhi1
秫,shu2
秬,ju4
秭,zi3
秮,kuo4
䅅,gui1
䅈,yuan4
秲,zhi4
秳,huo2
秶,zi1
秷,zhi4
秸,jie1
秹,chi3
秺,du4
移,yi2
䅎,you3
秿,fu4
稀,xi1
稂,lang2
稃,fu1
稊,ti2
程,cheng2
稌,tu2
稍,shao1
稑,lu4
𡠞,fu2
𡠒,guan1
𡠙,tong1
𡟕,shi1
𡟟,cong1
𡞥,hou2
𡞧,zong1
𡟑,hou2
犭,quan3
氵,shui3
丨,gun3
丶,zhu3
丿,pie3
亅,jue2
亠,tou2
冫,bing1
㐨,xu4
㒁,yu3
稒,gu4
稔,ren3
稕,zhun4
稗,bai4
稘,ji1
稙,zhi4
稚,zhi4
稛,kun3
稞,ke1
稠,chou2
稡,zui4
稥,xiang1
䅠,ti2
䅣,huang2
稧,xi4
稨,bian3
穊,ji4
稵,zi1
稶,yu4
稷,ji4
稹,zhen3
稻,dao4
稼,jia4
稽,ji1
稿,gao3
穁,rong2
𥠵,fu4
穄,ji4
穆,mu4
穈,mei2
穋,lu4
𥡤,jiao4
䆀,mei3
穓,yi4
穗,sui4
穘,xiao1
穚,jiao1
穛,zhuo1
穜,tong2
穝,zuo1
𥢢,tui2
穥,yu4
穦,pin1
穮,biao1
穰,rang2
穳,zan4
穲,li2
穵,wa1
穸,xi1
空,kong1
穼,shen1
穿,chuan1
窀,zhun1
䆗,yao3
窄,zhai3
窅,yao3
窆,bian3
窇,bao2
窈,yao3
窊,wa1
窋,zhu2
窌,jiao4
𥥍,shen1
窏,wu1
窐,gui1
窒,zhi4
窔,yao4
窕,tiao3
𥥪,mi3
窖,jiao4
窗,chuang1
窘,jiong3
窙,xiao1
窞,dan4
窟,ku1
窠,ke1
窡,zhuo2
窣,su1
窨,yin4
窫,ya4
窬,yu2
窳,yu3
窴,yan3
䆳,qiong2
窸,xi1
窹,wu4
窾,kuan3
窿,long2
竁,cui4
𥨍,fu4
䆽,qu2
立,li4
䇂,qian1
竎,fu4
竏,qian1
竑,hong2
竘,qu3
站,zhan4
竣,jun4
童,tong2
竦,song3
竩,yi4
竫,jing4
竬,qu3
竭,jie2
端,duan1
竮,ping2
竷,kan4
竹,zhu2
𥫗,zhu2
竺,du3
竻,le4
竽,yu2
竿,gan1
䇘,hu4
笅,xiao2
笆,ba1
笇,suan4
笈,ji2
笉,qin3
笊,zhao4
笍,zhui4
笏,hu4
笑,xiao4
笒,cen2
笓,pi2
笖,yi3
笘,shan1
笙,sheng1
笚,xia2
笛,di2
笞,chi1
笟,gu1
笠,li4
笡,qie4
笢,min3
笥,si4
符,fu2
笨,ben4
笩,pei4
笪,da2
笫,zi3
第,di4
笮,ze2
笯,nu2
笰,fu2
笱,gou3
𡠞,fu2
𡠒,guan1
𡠙,tong1
𡟕,shi1
𡟟,cong1
𡞥,hou2
𡞧,zong1
𡟑,hou2
犭,quan3
氵,shui3
丨,gun3
丶,zhu3
丿,pie3
亅,jue2
亠,tou2
冫,bing1
㐨,xu4
㒁,yu3
笲,fan2
笳,jia1
笶,shi3
笸,po3
笹,shi4
𥬔,qu1
䇫,ji1
䇭,lao3
笄,ji1
笿,luo4
筀,gui4
筁,qu1
筄,yao4
筅,xian3
筇,qiong2
筈,kuo4
等,deng3
筊,jiao3
筋,jin1
筌,quan2
筏,fa2
筐,kuang1
筒,tong3
筓,ji1
答,da2
筕,hang2
策,ce4
筘,kou4
𥬯,kao3
筟,fu1
筠,yun2
筡,jian4
筢,pa2
筣,li4
筤,lang2
筦,guan3
筨,han2
筪,xia2
筫,zhi4
筭,suan4
筮,shi4
筰,zuo2
筱,xiao3
筲,shao1
筳,ting2
筵,yan2
筷,kuai4
𥭘,chi1
䈆,dai4
䈈,fei2
箁,pou2
箃,zou1
箄,bei1
箅,bi4
箈,chi2
箉,guai3
箊,yu1
箌,dao4
箍,gu1
箐,jing1
箑,sha4
箔,bo2
箕,ji1
箖,lin2
算,suan4
箘,jun4
箙,fu2
箛,gu1
箜,kong1
箝,qian2
箞,qian1
箟,jun4
管,guan3
箢,yuan1
箣,ce4
箤,zu2
箥,bo3
䈞,du3
䈡,cong1
箬,ruo4
箭,jian4
箯,bian1
箰,sun3
箱,xiang1
箳,ping2
箴,zhen1
箶,hu2
箷,shi1
箸,zhu4
箼,wu1
箿,ji2
篁,huang2
篂,xing1
篅,chuan2
篆,zhuan4
篇,pian1
篌,hou2
篍,qiu1
篎,miao3
䈬,pu2
䈰,shao1
篕,he2
篖,tang2
篙,gao1
篚,fei3
篝,gou1
篞,nie4
篟,qian4
篡,cuan4
篣,pang2
篥,li4
篦,bi4
篨,chu2
篪,chi2
𥱧,qin2
篰,bu4
篲,hui4
篴,zhu2
篷,peng2
篹,suan3
篻,piao3
篼,dou1
篽,yu4
篾,mie4
簁,shai1
簃,yi2
簅,chan3
簇,cu4
簉,zao4
簋,gui3
簌,su4
簎,ce4
簏,lu4
𥲀,chao2
𥲥,lian2
簙,bo2
簝,liao2
簟,dian4
簠,fu3
簦,deng1
簧,huang2
簨,sun3
簪,zan1
簬,lu4
簭,shi4
簰,pai2
𥳐,qian3
𥳓,shao1
𥴒,zhi4
䉛,yu4
簳,gan3
𡠞,fu2
𡠒,guan1
𡠙,tong1
𡟕,shi1
𡟟,cong1
𡞥,hou2
𡞧,zong1
𡟑,hou2
犭,quan3
氵,shui3
丨,gun3
丶,zhu3
丿,pie3
亅,jue2
亠,tou2
冫,bing1
㐨,xu4
㒁,yu3
簶,lu4
簸,bo3
簺,sai4
簿,bu4
籀,zhou4
䉥,song3
籈,zhen1
籉,tai2
籊,ti4
籍,ji2
𥵜,po4
籒,fan2
籓,fan1
籝,ying2
𥷑,bi4
籥,yue4
籦,zhong1
籧,qu2
𥷹,se4
䉷,yan2
籰,yue4
䉹,ling2
籱,zhuo2
𥸣,shan4
米,mi3
𥸥,bo3
𥸧,ding4
籷,zhe2
籸,shen1
籹,nü3
籺,he2
籽,zi3
籾,ni2
籿,cun4
粀,zhang4
粁,qian1
粄,ban3
粅,wu4
粈,rou2
粉,fen3
粎,mi3
粑,ba1
粒,li4
粔,ju4
粕,po4
粖,mo4
粗,cu1
粘,zhan1
粙,zhou4
䊆,jiu4
粞,xi1
粟,su4
粢,zi1
粥,zhou1
粱,liang2
粲,can4
粳,jing1
粴,li3
糀,hua1
粹,cui4
粼,lin2
粽,zong4
精,jing1
粿,guo3
糈,xu3
糊,hu2
糋,jian4
糌,zan1
糍,ci2
糎,li2
𥻗,cha2
𫃇,ji2
糏,xie4
糒,bei4
糔,xiu3
糕,gao1
糖,tang2
糗,qiu3
𥻵,shi2
䊡,man2
糙,cao1
糜,mi2
糟,zao1
糠,kang1
糢,mo2
糨,jiang4
𫃎,ma2
䊦,ye4
䊧,fei4
糦,chi4
糪,bo4
糫,huan2
糬,shu3
䊮,di2
糯,nuo4
糱,nie4
糳,zuo4
糸,mi4
系,xi4
𫃜,kou4
紎,zi1
素,su4
索,suo3
紪,ci3
𡠞,fu2
𡠒,guan1
𡠙,tong1
𡟕,shi1
𡟟,cong1
𡞥,hou2
𡞧,zong1
𡟑,hou2
犭,quan3
氵,shui3
丨,gun3
丶,zhu3
丿,pie3
亅,jue2
亠,tou2
冫,bing1
㐨,xu4
㒁,yu3
紫,zi3
累,lei3
紻,yang3
𥿝,dai4
䋖,yu4
絒,chou2
絔,bai3
絜,xie2
絩,dao4
絫,lei3
絬,xie4
絭,juan4
絮,xu4
絴,xiang2
䋪,e1
䋰,ju2
綥,qi4
綦,qi2
綨,qi2
綮,qi3
䌀,ke1
䌂,ou4
緪,geng1
緫,zong1
緭,wei4
緳,xie2
𦂈,zhou4
縠,hu2
縢,teng2
𦃘,zhi4
𡠞,fu2
𡠒,guan1
𡠙,tong1
𡟕,shi1
𡟟,cong1
𡞥,hou2
𡞧,zong1
𡟑,hou2
犭,quan3
氵,shui3
丨,gun3
丶,zhu3
丿,pie3
亅,jue2
亠,tou2
冫,bing1
㐨,xu4
㒁,yu3
繁,fan2
繄,yi1
繇,yao2
𦄐,mi2
䌗,fu3
繛,chuo4
繠,rui3
繱,cong1
繴,bi4
纂,zuan3
纃,qi2
纅,yao4
纛,dao4
䌵,zhu2
纝,lei2
纞,lian4
缶,fou3
缸,gang1
䍃,you2
缹,fou3
缺,que1
䍇,ta4
䍉,zhai3
缿,xiang4
罄,qing4
罅,xia4
罊,qi4
罍,lei2
䍎,cun4
罐,guan4
罒,wang3
罓,gang1
䍐,han3
罔,wang3
罕,han3
罘,fu2
䍖,fu2
罛,gu1
罜,zhu3
罝,ju1
罞,ba5／ba0
罟,gu3
罠,min2
罡,gang1
𦊓,ling3
罣,gua4
罤,ti2
罥,juan4
䍜,zhao4
罧,shen4
罨,yan3
罩,zhao4
罪,zui4
罫,gua4
罬,zhuo2
罭,yu4
置,zhi4
署,shu3
䍟,zong4
罱,lan3
罳,si1
罶,liu3
䍡,lu4
罹,li2
罺,chao2
罻,wei4
罽,ji4
罾,zeng1
羃,mi4
羇,ji1
羉,luan2
鿡,ruo2
羊,yang2
𦍌,yang2
羌,qiang1
羍,da2
美,mei3
羏,yang2
羑,you3
羒,fen2
羓,ba1
羔,gao1
羖,gu3
羘,zang1
羕,yang4
羚,ling2
羛,yi4
羝,di1
羞,xiu1
羠,yi2
群,qun2
羦,huan2
羧,suo1
𡠞,fu2
𡠒,guan1
𡠙,tong1
𡟕,shi1
𡟟,cong1
𡞥,hou2
𡞧,zong1
𡟑,hou2
犭,quan3
氵,shui3
丨,gun3
丶,zhu3
丿,pie3
亅,jue2
亠,tou2
冫,bing1
㐨,xu4
㒁,yu3
𦎓,you1
羫,qiang1
羬,xian2
羭,yu2
羯,jie2
羰,tang1
羱,yuan2
羲,xi1
䍺,huan4
羳,fan2
羴,shan1
羶,shan1
羷,lian3
羸,lei2
羹,geng1
羺,nou2
羻,qiang4
羼,chan4
𦏱,yang3
羽,yu3
羾,chong1
羿,yi4
翀,chong1
翁,weng1
翂,fen1
翃,hong2
翅,chi4
𦐇,ta4
䎃,ran3
翇,fu2
翈,xia2
翉,pen3
翊,yi4
翋,la1
翌,yi4
翎,ling2
翏,liu4
翐,qiao4
翔,xiang2
翖,xi1
翛,xiao1
翝,hong2
䎑,lu4
翟,di2
翠,cui4
翡,fei3
翢,dao4
翥,zhu4
翦,jian3
翧,xuan1
翨,shi4
翩,pian1
翪,zong1
翭,hou2
𦑜,ge2
翮,he2
翯,he4
翰,han4
翱,ao2
翲,piao1
翳,yi4
翼,yi4
䎖,zeng1
翻,fan1
𦒍,tong2
翾,xuan1
耀,yao4
䎚,guan4
耂,lao3
老,lao3
考,kao3
耄,mao4
者,zhe3
耆,qi2
耇,gou3
䎜,hun1
耋,die2
而,er2
䎟,er2
䎠,er2
耍,shua3
耎,ruan3
耏,er2
耐,nai4
耑,zhuan1
䎡,ruan3
𦓖,nü4
耒,lei3
耔,zi3
耕,geng1
耖,chao4
耗,hao4
耘,yun2
耙,ba4
耚,pi1
耜,si4
耝,qu4
耞,jia1
耠,huo1
䎧,bang4
耤,ji2
耥,lou3
耦,ou3
耨,nou4
耩,jiang3
䎭,cao1
耳,er3
耴,zhe2
𦔳,le4
耶,ye2
耷,da1
耹,qin2
耺,yun2
耽,dan1
耾,hong2
耿,geng3
聃,dan1
聆,ling2
聇,zheng1
聉,zhuo2
聊,liao2
聏,er2
聑,tie1
𦕰,duo5／duo0
聙,jing1
聚,ju4
聝,guo2
聟,xu4
聣,ni2
鿢,hie1
聤,ting2
聥,yu3
鿣,kie1
聬,weng1
𦗀,tian2
聱,ao2
𦗒,guo1
鿤,gie1
𦘒,nie4
聿,yu4
肂,si4
肄,yi4
肆,si4
肇,zhao4
肉,rou4
䏌,qi4
肌,ji1
肍,qiu2
肏,cao4
䏎,feng2
䏏,xu1
肑,bo2
肒,huan4
肓,huang1
肔,chi3
肕,ren4
肖,xiao4
肘,zhou3
肙,yuan4
肚,du4
肛,gang1
肜,rong2
肝,gan1
𡠞,fu2
𡠒,guan1
𡠙,tong1
𡟕,shi1
𡟟,cong1
𡞥,hou2
𡞧,zong1
𡟑,hou2
犭,quan3
氵,shui3
丨,gun3
丶,zhu3
丿,pie3
亅,jue2
亠,tou2
冫,bing1
㐨,xu4
㒁,yu3
肟,wo4
䏐,yang1
䏑,di4
䏒,pian4
䏓,ruan3
䏔,niu3
䏖,zhen4
䏗,gai4
䏘,pi4
䏙,tan3
䏚,chao3
䏛,chun3
䏜,he1
股,gu3
肢,zhi1
肣,han2
肥,fei2
肩,jian1
肪,fang2
肫,zhun1
肭,na4
肯,ken3
肰,ran2
肱,gong1
育,yu4
肳,wen3
肸,xi1
肺,fei4
肼,jing3
肽,tai4
䏟,bie2
䏡,shi4
䏣,jue2
胂,shen4
胃,wei4
胄,zhou4
胅,die2
胇,fei4
胈,ba2
胉,bo2
背,bei4
胍,gua1
胎,tai1
胏,zi3
胐,ku1
胒,ni4
胔,zi3
胖,pang4
胗,zhen3
胘,xian2
胙,zuo4
胚,pei1
胛,jia3
胝,zhi1
胞,bao1
胟,chi3
胠,qu1
胡,hu2
胣,yi3
胤,yin4
胥,xu1
胦,yang1
胩,ka3
胬,nu3
𦙫,zheng1
𦙶,gu3
𦙸,san1
胭,yan1
胮,pang1
胯,kua4
胰,yi2
胱,guang1
胲,hai3
胳,ge1
胴,chi1
胵,zhi4
胸,xiong1
胹,er2
胻,heng2
胼,pian2
能,neng2
胾,zi4
胿,gui1
脁,tiao3
脆,cui4
脊,ji3
脎,sa4
脒,mi3
𦚢,yue1
䏱,ju2
䏲,ti1
脕,wan3
脖,bo2
脘,wan3
脙,xiu1
脝,heng1
脞,cuo3
脡,ting3
脢,mei2
脤,shen4
脦,de5／de0
脧,zui1
脩,xiu1
脪,tui4
脬,pao1
脮,nei3
脯,pu2
脰,dou4
脲,niao4
脷,li4
㬹,zheng1
䐁,zhuo2
䐃,jun4
脺,cui4
脼,liang3
脽,shui2
脾,pi2
腄,chui2
腅,dan4
腆,tian3
腇,nei3
腈,jing1
腍,ren3
腐,fu3
腑,fu3
腒,ju1
腓,fei2
腔,qiang1
腕,wan4
腙,zong1
腚,ding4
𦜆,han2
䐔,bin3
幐,teng2
朡,zong1
腛,wo4
腜,mei2
腠,cou4
腤,an1
腥,xing1
腧,shu4
腬,rou2
腮,sai1
腯,tu2
腰,yao1
腱,jian4
腲,wei3
腴,yu2
腶,duan4
腷,bi4
腹,fu4
腺,xian4
䐥,weng3
腿,tui3
膀,bang3
膂,lü3
膅,tang2
膆,su4
膈,ge2
膉,yi4
膊,bo2
膌,ji2
膍,pi2
膎,xie2
膏,gao1
䐬,cao2
