Character,Pinyin,Tone
一,yi,1
𪛙,yi,1
丁,ding,1
丂,kao,3
七,qi,1
𠀂,yi,3
丈,zhang,4
三,san,1
上,shang,4
下,xia,4
丌,ji,1
𪛚,shang,4
不,bu,4
丏,mian,3
丐,gai,4
丑,chou,3
𠀊,cao,1
且,qie,3
丕,pi,1
世,shi,4
丘,qiu,1
丙,bing,3
𠀏,tun,2
𠀐,zhong,1
㐁,tian,4
丞,cheng,2
𠀣,qi,1
𪜄,po,3
𠁁,dou,4
𠁓,yu,4
丨,gun,3
丩,jiu,1
丫,ya,1
中,zhong,1
丮,ji,3
丯,jie,4
丱,guan,4
串,chuan,4
丳,chan,3
𠁭,qi,2
丵,zhuo,2
丶,zhu,3
丷,ba,1
丸,wan,2
丹,dan,1
主,zhu,3
丼,dan,3
𪜋,zhu,3
𠂃,qiu,2
𠂅,weng,4
丿,pie,3
乀,fu,2
乂,yi,4
乃,nai,3
𠂆,yi,4
久,jiu,3
乇,zhe,2
之,zhi,1
尹,yin,3
乍,zha,4
乎,hu,1
乏,fa,2
𠂔,zi,3
㐆,yin,3
乑,yin,2
乒,ping,1
乓,pang,1
𠂢,pai,4
乖,guai,1
𪜍,qian,1
乘,cheng,2
乙,yi,3
𠃌,gun,3
乜,mie,1
九,jiu,3
乞,qi,3
也,ye,3
乣,jiu,1
㐌,yi,2
乩,ji,1
乪,nang,2
乭,shi,2
乯,hu,1
㐖,xie,2
乳,ru,3
乴,xue,2
乵,yan,3
乸,na,3
𠃺,jiu,4
𤱡,tuo,2
亃,lin,3
亄,yi,4
𠄅,ye,4
𢆡,nian,1
亅,jue,2
𠄌,jue,2
了,le,0
𠄍,jie,2
𠄏,diao,3
𠄑,jue,2
予,yu,3
𠄖,ling,2
𪜜,bei,4
㐨,xu,4
事,shi,4
𠄚,ting,1
𪜝,qi,2
二,er,4
亍,chu,4
互,hu,4
亓,qi,2
五,wu,3
井,jing,3
些,xie,1
㐩,xing,2
亟,ji,2
𠄮,mo,3
𠄱,yi,2
𪜞,zhen,1
𪜟,shu,2
亠,tou,2
亡,wang,2
亢,kang,4
交,jiao,1
亥,hai,4
亦,yi,4
亨,heng,1
㐭,lin,3
享,xiang,3
京,jing,1
𠅌,yi,2
亭,ting,2
亮,liang,4
亳,bo,2
𠅤,xi,2
亴,you,4
𠅬,Bao,1
亶,dan,3
𠆁,luo,3
𠆎,wei,2
𪜦,ting,2
亹,wei,3
人,ren,2
亻,ren,2
什,shen,2
仁,ren,2
仂,le,4
仃,ding,1
仄,ze,4
仇,chou,2
仈,Ba,1
今,jin,1
介,jie,4
仍,reng,2
𠆧,tu,2
㐱,ling,4
㐲,dai,4
仔,zi,3
仕,shi,4
他,ta,1
仗,zhang,4
付,fu,4
仙,xian,1
仚,xian,1
仛,cha,4
仜,hong,2
仝,tong,2
仞,ren,4
仟,qian,1
仠,gan,3
仡,yi,4
仢,bo,2
代,dai,4
令,ling,4
以,yi,3
仨,sa,1
仩,shang,4
仫,mu,4
𠆩,fan,4
㐸,ci,4
㐻,nei,4
仯,chao,4
仰,yang,3
仱,qin,2
仲,zhong,4
仳,pi,3
仴,wo,4
仵,wu,3
件,jian,4
仸,yao,3
仹,feng,1
任,ren,4
份,fen,4
仿,fang,3
伀,zhong,1
伃,yu,2
伄,diao,4
伅,dun,4
伆,wu,4
伈,xin,3
伉,kang,4
伊,yi,1
伋,ji,2
伌,ai,4
伍,wu,3
伎,ji,4
伏,fu,2
休,xiu,1
伒,jin,4
伔,dan,3
伕,fu,1
伝,yun,2
伢,ya,2
伬,che,3
𠆵,ni,2
𠆶,dan,4
𠆾,liu,4
𠇋,dan,3
㑁,zhuo,1
伭,xian,2
伯,bo,2
估,gu,1
伳,xie,4
伴,ban,4
伶,ling,2
伷,zhou,4
伸,shen,1
伹,qu,1
伺,si,4
伻,beng,1
似,si,4
伽,qie,2
伾,pi,1
伿,yi,4
佁,yi,3
佂,zheng,1
佃,tian,2
佄,han,1
佅,mai,4
但,dan,4
佉,qu,1
佊,bi,3
佋,zhao,1
佌,ci,3
位,wei,4
低,di,1
住,zhu,4
佐,zuo,3
佑,you,4
佒,yang,1
何,he,2
佖,bi,4
佗,tuo,2
佘,She,2
佚,yi,4
佛,fo,2
作,zuo,4
佝,gou,1
佞,ning,4
佟,tong,2
你,ni,3
佡,xian,1
佢,qu,2
佤,wa,3
佧,ka,3
佨,bao,1
𪜮,mu,4
㑉,su,4
㑊,yi,4
㑋,qiong,4
㑌,kuang,1
㑍,lei,3
㑎,nao,3
㑓,jun,4
佩,pei,4
佪,hui,2
佫,ge,2
佬,lao,3
佭,xiang,2
佮,ge,2
佯,yang,2
佰,bai,3
佳,jia,1
佴,er,4
佶,ji,2
佷,hen,3
佸,huo,2
佹,gui,3
佺,quan,2
佻,tiao,1
佼,jiao,3
佽,ci,4
佾,yi,4
使,shi,3
侀,xing,2
侁,shen,1
侂,tuo,1
侃,kan,3
侅,gai,1
侇,yi,2
侈,chi,3
侉,kua,3
侊,guang,1
例,li,4
侍,shi,4
侎,mi,3
侏,zhu,1
侐,xu,4
侑,you,4
侒,an,1
侓,lu,4
侔,mou,2
侕,er,2
侗,tong,2
侘,cha,4
侙,chi,1
侚,xun,4
供,gong,1
侜,zhou,1
依,yi,1
侞,ru,2
侟,cun,2
侫,ning,4
鿇,zheng,1
𠈅,shou,1
𠈊,nie,3
𠈬,xiao,1
㑗,shen,1
㑙,die,2
㑚,nuo,2
㑛,su,4
㑜,yi,4
㑝,long,4
㑟,beng,3
侮,wu,3
侯,hou,2
侱,cheng,3
侲,zhen,4
侳,zuo,4
侴,chou,3
侵,qin,1
侸,dou,1
侹,ting,3
侺,shen,4
侻,tuo,1
侼,bo,2
侾,xiao,1
便,bian,4
俀,tui,3
促,cu,4
俄,e,2
俅,qiu,2
俆,xu,2
俇,guang,4
俈,ku,4
俉,wu,3
俊,jun,4
俋,yi,4
俍,liang,2
俎,zu,3
俏,qiao,4
俐,li,4
俑,yong,3
俒,hun,4
俕,san,4
俖,pei,3
俗,su,2
俘,fu,2
俙,xi,1
俚,li,3
俜,ping,1
保,bao,3
俞,yu,2
俟,si,4
信,xin,4
俤,di,4
俧,zhi,4
俬,si,1
𠈭,lao,2
𠈰,dan,4
𠈱,suo,1
𠈵,mang,3
𠈶,yi,2
𠈸,te,4
𠈺,bi,4
㑣,lan,2
㑥,yi,4
㑦,li,4
㑧,ji,4
㑨,yu,3
修,xiu,1
俯,fu,3
俰,huo,4
俱,ju,4
俳,pai,2
俵,biao,4
俶,chu,4
俷,fei,4
俸,feng,4
俺,an,3
俾,bi,3
俿,chi,2
倁,zhi,1
倄,yao,2
倅,cui,4
倇,wan,3
倊,zong,4
倌,guan,1
倍,bei,4
倏,shu,1
倐,shu,1
倒,dao,3
倓,tan,2
倔,jue,2
倕,chui,2
倗,peng,2
倘,tang,3
候,hou,4
倚,yi,3
倛,qi,1
倜,ti,4
倝,gan,4
倞,jing,4
借,jie,4
倠,hui,1
倡,chang,4
倢,jie,2
倥,kong,1
倦,juan,4
倧,zong,1
倨,ju,4
倩,qian,4
倪,ni,2
倬,zhuo,1
倭,wo,1
倮,luo,3
倯,song,1
倰,leng,2
倱,hun,4
倳,zi,4
倴,ben,1
倵,wu,3
倷,nai,3
值,zhi,2
倽,sha,4
𠉤,da,2
𠊎,ai,2
㑰,hui,4
㑱,rao,3
倻,ye,1
偁,cheng,1
偃,yan,3
偄,ruan,3
偅,zhong,4
偆,chun,1
假,jia,3
偈,ji,4
偊,yu,3
偋,bing,4
偌,ruo,4
偍,ti,2
偎,wei,1
偏,pian,1
偐,yan,4
偓,wo,4
偔,e,4
偕,xie,2
偖,che,3
偗,sheng,3
偙,di,4
做,zuo,4
偛,cha,1
停,ting,2
偝,bei,4
偞,xie,4
偟,huang,2
偠,yao,3
偡,zhan,4
偢,chou,3
偣,yan,1
偤,you,2
健,jian,4
偦,xu,3
偨,ci,1
偪,bi,1
偫,zhi,4
偭,mian,3
偮,ji,2
偯,yi,3
偰,xie,4
偱,xun,2
偲,si,1
偳,duan,1
偶,ou,3
偷,tou,1
偹,bei,4
𠊧,bing,4
𠊫,qiong,2
𠊬,jue,2
𠊰,gua,3
𠊲,tu,1
𠋧,qie,1
𱎼,ge,3
㑵,han,4
㑸,yao,2
傀,kui,3
傂,zhi,4
傃,su,4
傄,xia,1
傅,fu,4
傆,yuan,4
傇,rong,3
傈,li,4
傉,nu,4
傊,yun,4
傋,jiang,3
傍,bang,4
傎,dian,1
傏,tang,2
傐,hao,4
傒,xi,1
傔,qian,4
傕,jue,2
傗,chu,4
傛,rong,2
傜,yao,2
傝,tan,4
傞,suo,1
傣,dai,3
傦,gu,3
鿘,hi,1
𠋲,suo,3
𠋵,qian,3
𠌕,gong,4
𠌖,qiong,2
㑻,ma,4
㑼,lüe,4
㑾,yao,2
㑿,zhao,4
㒀,zhai,1
㒁,yu,3
傫,lei,3
催,cui,1
傰,beng,1
傲,ao,4
傸,chuang,3
傺,chi,4
傻,sha,3
傼,han,4
傽,zhang,1
傿,yan,4
僁,xie,4
僄,piao,4
僇,lu,4
僈,man,2
僋,tan,4
僌,ying,2
鿙,ki,1
𠌮,zhe,1
𠌯,li,2
𠌽,fu,4
㒂,zhuo,2
㒃,er,4
㒄,ran,3
㒅,qi,3
㒆,chi,4
㒇,wu,3
㒈,han,4
㒊,se,4
㒋,si,1
㒍,lei,2
㒎,sa,4
㒐,xun,4
僎,zhuan,4
像,xiang,4
僐,shan,4
僒,jiong,3
僔,zun,3
僖,xi,1
僙,guang,1
僚,liao,2
僛,qi,1
僜,cheng,1
僝,zhuan,4
僠,bo,1
僢,chuan,3
僣,tie,3
僦,jiu,4
僧,seng,1
僪,ju,2
僬,jiao,1
僭,jian,4
僮,tong,2
僯,lin,3
僰,bo,2
僳,su,4
𠍯,bie,2
𠍲,qu,2
𠍹,zha,2
㒑,hui,4
㒔,shu,3
㒕,yang,1
僵,jiang,1
僷,ye,4
僸,jin,4
僺,qiao,4
僻,pi,4
僼,feng,1
僽,zhou,1
僿,sai,4
儃,chan,2
儆,jing,3
儇,xuan,1
儊,chu,4
儋,dan,1
儏,can,4
㒙,mian,2
㒚,wen,3
㒛,diao,4
儑,an,2
儒,ru,2
儓,tai,2
儙,qian,4
儚,meng,2
儛,wu,3
儝,qiong,2
鿚,gi,1
㒝,mie,4
㒞,jun,4
儠,lie,4
儡,lei,3
儤,bao,4
儦,biao,1
儧,zan,3
儬,qing,4
㒟,niao,3
㒠,xie,4
儯,teng,2
𠐺,pin,2
㒡,you,2
儳,chan,2
儴,rang,2
𠑄,xie,4
㒤,che,4
㒦,lei,3
儶,hui,4
儽,lei,3
儾,nang,4
兀,wu,4
允,yun,3
元,yuan,2
兄,xiong,1
𠑷,chang,2
充,chong,1
兆,zhao,4
先,xian,1
光,guang,1
𠑹,gu,3
克,ke,4
免,mian,3
㒬,wang,1
兓,jin,1
兔,tu,4
兕,si,4
兜,dou,1
兟,shen,1
兢,jing,1
𠒸,rao,3
𠒾,fan,4
𠒿,di,2
𠓖,lan,2
入,ru,4
全,quan,2
氽,tun,3
㒴,gu,3
𠓿,qin,2
八,ba,1
公,gong,1
六,liu,4
兮,xi,1
共,gong,4
兵,bing,1
其,qi,2
具,ju,4
典,dian,3
㒸,sui,4
兼,jian,1
冀,ji,4
冂,jiong,1
𠔼,mao,3
円,yuan,2
冇,mao,3
冉,ran,3
𠕁,cong,2
𠕄,na,4
𠕇,dian,4
再,zai,4
冑,zhou,4
冒,mao,4
冓,gou,4
冔,xu,3
㒼,man,2
冕,mian,3
㒽,quan,1
最,zui,4
㒾,shi,4
㓁,wang,3
冗,rong,3
冘,yin,2
冚,kan,3
𠖂,liao,2
冞,mi,2
𠖄,tong,2
冠,guan,1
冡,meng,2
冢,zhong,3
冤,yuan,1
冥,ming,2
冧,lin,2
㓃,du,4
𠖫,gan,3
冫,bing,1
㓅,ting,1
冬,dong,1
冮,gang,1
冰,bing,1
冱,hu,4
㓈,bing,4
冶,ye,3
冷,leng,3
冹,fu,2
㓉,huo,4
㓊,dong,4
㓋,gong,4
㓌,cheng,1
冼,xian,3
冽,lie,4
冿,jian,1
㓎,qin,1
㓏,jiong,3
凁,sou,1
凂,mei,3
凃,tu,2
㓐,lu,4
㓑,xing,4
凅,gu,4
凇,song,1
凊,qing,4
凋,diao,1
凎,gan,4
㓓,nan,2
凐,yin,1
凓,li,4
凕,ming,3
凗,cui,2
𠗻,xuan,2
凘,si,1
凚,jin,4
凝,ning,2
凞,xi,1
𠘥,yan,2
鿛,ring,2
𠘧,shu,1
凡,fan,2
𪛝,fan,2
凩,mu,4
凪,zhi,3
𠘺,suo,4
凰,huang,2
凳,deng,4
凵,qian,3
𠙶,ou,3
凸,tu,1
凹,ao,1
出,chu,1
凼,dang,4
函,han,2
刀,dao,1
刁,diao,1
刂,dao,1
刃,ren,4
刅,chuang,1
分,fen,1
切,qie,1
刈,yi,4
㓚,gong,1
刊,kan,1
刋,qian,4
刌,cun,3
㓞,qia,4
刎,wen,3
刏,ji,1
刐,dan,3
刑,xing,2
刓,wan,2
刔,jue,2
刕,li,2
刖,yue,4
列,lie,4
𠚹,shan,4
𠚺,sha,4
㓟,pi,2
㓠,dian,4
刜,fu,2
初,chu,1
刞,qu,3
刟,diao,1
刡,min,3
刢,ling,2
刣,zhong,1
判,pan,4
刨,pao,2
利,li,4
𠛒,gua,1
𠛓,liu,3
㓡,fu,3
㓢,luo,4
㓣,qia,4
㓤,qia,4
㓦,bai,1
刮,gua,1
刯,gen,1
到,dao,4
刲,kui,1
刳,ku,1
刵,er,4
制,zhi,4
刷,shua,1
刺,ci,4
剁,duo,4
𠛪,tiao,1
𠜅,jiao,3
𠜎,xian,4
㓧,gan,1
㓩,xuan,1
㓪,lang,3
剃,ti,4
剅,lou,2
剆,gen,1
剈,yuan,1
剉,cuo,4
削,xiao,1
剌,la,4
前,qian,2
㓭,he,2
剒,cuo,4
剔,ti,1
剕,fei,4
剘,qi,2
剚,zi,4
剜,wan,1
剞,ji,1
剟,duo,1
剡,yan,3
剢,du,1
𠜱,pi,1
𠜴,guo,3
𠜼,qia,1
㓱,tou,2
㓲,pian,1
㓳,di,1
㓴,ruan,3
㓵,e,4
剨,huo,4
剪,jian,3
剫,duo,2
剬,duan,1
剭,chuang,1
副,fu,4
剶,chuan,1
𠝹,jie,4
㓷,yi,4
㓸,zhuo,1
㓹,rui,4
㓺,jian,1
剩,sheng,4
割,ge,1
㓼,chi,4
㓽,chong,2
剺,li,2
剻,fou,2
𠞩,shuai,4
𠞭,lou,2
𠞯,suo,3
㓾,xi,1
㔀,liang,4
㔁,deng,1
㔂,lin,2
㔄,su,4
㔆,zan,4
劀,gua,1
劁,qiao,2
劂,jue,2
劄,zha,2
㔊,zhan,3
劅,pi,3
劆,lian,2
劈,pi,1
劋,jiao,3
㔌,zou,4
㔍,chua,1
劐,huo,1
劓,yi,4
𠠁,xian,3
𠠃,qian,1
𠠄,zhao,4
㔎,xie,4
㔏,li,4
劕,zhi,4
劖,chan,2
㔒,xi,2
劘,mo,2
劙,li,2
力,li,4
劜,ya,1
㔓,jian,3
㘞,huo,4
功,gong,1
加,jia,1
𠆮,mo,4
㔕,ji,2
劣,lie,4
劤,jin,4
劥,keng,1
劦,xie,2
劧,zhi,3
㔗,fei,4
㔘,chu,4
助,zhu,4
努,nu,3
劫,jie,2
劬,qu,2
劭,shao,4
劯,zhu,3
劰,miao,3
㔙,beng,1
㔚,jie,2
劶,jin,4
劷,yang,2
劸,wa,1
劺,mou,2
劻,kuang,1
劼,jie,2
劽,lie,4
劾,he,2
𠡒,dui,3
勂,gao,4
勃,bo,2
勆,lang,2
勇,yong,3
勉,mian,3
𠡡,can,2
㔞,kuai,4
勍,qing,2
勏,pou,3
勐,meng,3
㔠,xia,1
勒,le,4
勓,kai,4
勖,xu,4
勘,kan,1
㔡,bie,1
勜,weng,3
募,mu,4
勠,lu,4
勡,piao,4
勤,qin,2
勥,qiang,3
𠢕,hao,2
勨,xiang,4
勪,jue,2
勫,fan,2
勬,juan,1
勭,tong,2
𠢤,jue,2
勮,ju,4
勯,dan,1
勰,xie,2
㔣,lei,2
㔥,bai,4
㔦,yang,3
勶,che,4
𠢹,ke,4
㔧,lü,4
勷,rang,2
𪟧,nao,4
勺,shao,2
勼,jiu,1
勽,bao,4
勾,gou,1
勿,wu,4
包,bao,1
匆,cong,1
匈,xiong,1
匉,peng,1
匊,ju,1
匋,tao,2
匌,ge,2
𠣘,zhou,1
匍,pu,2
匎,an,4
㔨,bei,4
匏,pao,2
匐,fu,2
㔩,e,4
匑,gong,1
匒,da,2
㔪,lu,3
匓,jiu,4
匔,gong,1
匕,bi,3
化,hua,4
𠤏,bao,3
北,bei,3
㔭,che,4
匙,chi,2
匚,fang,1
匛,jiu,4
匜,yi,2
匝,za,1
匠,jiang,4
匡,kuang,1
匢,hu,1
㔯,xuan,2
匣,xia,2
匤,qu,1
𪟮,yang,2
匧,qie,4
匨,zang,1
匪,fei,3
𠥍,e,1
㔱,yu,3
匬,yu,3
㔲,gui,3
㔳,gui,3
㔴,yi,4
㔵,xuan,3
匴,suan,3
匶,jiu,4
匷,jue,2
匸,xi,4
匹,pi,3
㔷,lou,4
匼,ke,1
匽,yan,3
匾,bian,3
匿,ni,4
㔸,ti,1
十,shi,2
千,qian,1
㔹,le,4
卅,sa,4
午,wu,3
𠥿,shi,2
卉,hui,4
半,ban,4
卌,xi,4
卍,wan,4
卐,wan,4
𠦆,ban,1
𠦒,ban,1
卑,bei,1
卒,zu,2
南,nan,2
卙,ji,2
博,bo,2
卜,bu,3
卞,bian,4
卟,ji,1
卡,ka,3
卣,you,3
卦,gua,4
𠧩,hui,4
𠧪,tiao,2
𠨌,sui,1
㔾,xian,1
卬,ang,2
𠨍,qing,1
卭,qiong,2
卮,zhi,1
卯,mao,3
印,yin,4
𠨕,ji,4
卲,shao,4
即,ji,2
卵,luan,3
卶,chi,3
卷,juan,3
卸,xie,4
卼,wu,4
卿,qing,1
卾,e,4
厃,wei,3
厄,e,4
𠨭,ju,2
㕂,yin,2
㕃,xi,1
㕄,zhi,3
厊,ya,3
㕅,jia,2
㕆,hu,4
㕇,la,1
厎,di,3
厏,zha,3
厑,ya,2
㕈,yi,3
㕉,ke,4
厒,qie,4
厓,ya,2
厔,zhi,4
㕊,fu,1
厖,mang,2
厗,ti,2
厚,hou,4
㕋,qin,2
㕌,ai,4
厜,zui,1
厝,cuo,4
厞,fei,4
原,yuan,2
虒,si,1
𠩺,xi,1
㕎,e,4
厤,li,4
厥,jue,2
厧,dian,1
㕏,chu,2
㕐,xie,3
厬,gui,3
𠪚,yin,2
㕓,chan,2
厸,miao,3
厹,qiu,2
去,qu,4
𠫛,bai,3
厽,lei,1
厾,du,1
叀,zhuan,1
㕖,su,4
㕗,you,4
㕙,jun,4
又,you,4
叉,cha,1
及,ji,2
友,you,3
反,fan,3
𠬛,mo,4
𠬢,tao,1
𠬪,biao,4
叕,zhuo,2
取,qu,3
受,shou,4
㕟,kui,4
叚,jia,3
叛,pan,4
叝,ji,2
叟,sou,3
𠭗,jing,3
壡,rui,4
口,kou,3
㕣,yan,3
㕤,qiu,2
古,gu,3
句,ju,4
另,ling,4
叨,dao,1
叩,kou,4
只,zhi,3
叫,jiao,4
召,zhao,4
叭,ba,1
叮,ding,1
可,ke,3
叱,chi,4
史,shi,3
右,you,4
叴,qiu,2
叵,po,3
司,si,1
叺,chi,3
叻,le,4
叼,diao,1
𠙼,gua,3
𠮠,bai,3
𫜸,hua,4
㕦,hua,4
㕧,xi,1
㕨,fan,4
叿,hong,1
吂,mang,2
吃,chi,1
各,ge,4
吆,yao,1
吇,zi,3
合,he,2
吉,ji,2
吊,diao,4
吋,cun,4
同,tong,2
名,ming,2
吏,li,4
吐,tu,3
向,xiang,4
吒,zha,4
吔,ye,1
吖,ya,1
𠮵,mang,4
𠯃,wu,3
𪛗,he,2
㕩,pang,4
㕪,dan,3
㕫,fang,3
㕬,gong,1
㕭,ao,1
㕮,fu,3
㕯,ne,4
㕰,he,4
㕱,you,2
㕲,hua,2
㕳,xiong,1
吘,ou,3
吙,huo,1
君,jun,1
吜,chou,3
吝,lin,4
吞,tun,1
吟,yin,2
吠,fei,4
吡,bi,3
吤,jie,4
吥,bu,4
否,fou,3
吧,ba,0
吩,fen,1
吪,e,2
含,han,2
吭,keng,1
吮,shun,3
吰,hong,2
吱,zhi,1
吲,yin,3
吵,chao,3
吷,xue,4
吸,xi,1
吹,chui,1
吺,dou,1
吻,wen,3
吼,hou,3
吽,ou,2
吾,wu,2
呀,ya,1
呁,jun,4
呃,e,4
呄,ge,2
呅,mei,2
呆,dai,1
呇,qi,3
呈,cheng,2
告,gao,4
呋,fu,1
呍,hong,1
呎,chi,3
呏,sheng,1
呔,dai,1
呚,hua,2
𠯑,gua,1
𠯿,lu,4
㕷,pa,1
㕸,li,4
㕹,fa,2
㕻,pou,3
㕽,si,4
呞,shi,1
呟,juan,3
呠,pen,3
呡,wen,3
呢,ne,0
呣,m,2
呥,ran,2
呦,you,1
呧,di,3
周,zhou,1
呫,che,4
呬,xi,4
呭,yi,4
呮,qi,4
呯,ping,2
呰,zi,3
呱,gua,1
呲,ci,1
味,wei,4
呴,xu,3
呵,he,1
呶,nao,2
呸,pei,1
呹,yi,4
呺,xiao,1
呻,shen,1
呼,hu,1
命,ming,4
呾,da,2
呿,qu,4
咀,ju,3
咁,han,2
咂,za,1
咃,tuo,1
咅,pou,3
咆,pao,2
咇,bie,2
咈,fu,2
咉,yang,3
咋,za,3
和,he,2
咍,hai,1
咎,jiu,4
咐,fu,4
咑,da,1
咒,zhou,4
咓,wa,3
咔,ka,3
咕,gu,1
咖,ka,1
咗,zuo,0
咘,bu,4
咚,dong,1
𠰺,dai,4
㖀,le,4
㖆,qu,2
咟,huo,4
咠,qi,4
咡,er,4
咢,e,4
咣,guang,1
咥,die,2
咦,yi,2
咧,lie,1
咨,zi,1
咩,mie,1
咪,mi,1
咫,zhi,3
咬,yao,3
咭,ji,1
咮,zhou,4
咯,luo,4
咰,shu,4
咱,zan,2
咳,ke,2
咴,hui,1
咵,kua,3
咶,huai,4
咷,tao,2
咹,e,4
咺,xuan,1
咻,xiu,1
咽,yan,1
咾,lao,3
咿,yi,1
哀,ai,1
品,pin,3
哂,shen,3
哃,tong,2
哄,hong,3
哆,duo,1
哇,wa,1
哈,ha,1
哉,zai,1
哊,you,4
哋,di,4
哌,pai,4
哎,ai,1
哏,gen,2
哐,kuang,1
哖,nian,2
哘,xing,2
哚,duo,3
哞,mou,1
𠀷,ji,1
𠱠,ling,2
𠱨,ji,3
𠱫,e,4
𠲎,fa,0
㖕,xin,1
㖖,nie,4
㖗,yin,2
哠,hao,4
哢,long,4
哤,mang,2
哥,ge,1
哦,o,2
哧,chi,1
哨,shao,4
哩,li,3
哪,na,3
哫,zu,2
哬,he,2
哭,ku,1
哰,lao,2
哱,po,4
哲,zhe,2
哳,zha,1
哴,liang,4
哵,ba,1
哷,lie,4
哸,sui,1
哹,fu,2
哺,bu,3
哼,heng,1
哽,geng,3
哾,shuo,1
哿,ge,3
唁,yan,4
唂,gu,1
唅,han,1
唆,suo,1
唇,zhen,1
唈,yi,4
唉,ai,1
唋,tu,3
唌,xian,2
唎,li,1
唏,xi,1
唐,tang,2
唑,zuo,4
唒,qiu,2
唔,ng,2
唗,dou,1
唜,mo,4
唣,zao,4
唥,leng,2
唦,sha,1
𠳀,yong,3
𠳐,bang,1
𠳨,mei,2
𪡇,ni,3
㖠,ba,4
㖡,ye,4
㖣,tou,4
㖩,sou,3
唩,wo,1
唪,feng,3
唫,jin,4
唬,xiao,1
唭,qi,4
售,shou,4
唯,wei,2
唰,shua,1
唱,chang,4
唲,er,2
唳,li,4
唴,qiang,4
唵,an,3
唶,jie,4
唷,yo,1
唹,yu,1
唺,tian,3
唼,za,1
唽,xi,1
唾,tuo,4
唿,hu,1
啀,ai,2
啁,zhao,1
啂,nou,3
啃,ken,3
啄,zhuo,2
啅,zhuo,2
商,shang,1
啇,di,4
啈,heng,4
啉,lan,2
啊,a,1
啋,xiao,1
啌,xiang,1
啍,zhun,1
啐,cui,4
啑,sha,4
啒,gu,3
啕,tao,2
啖,dan,4
啘,ye,4
啛,cui,4
啜,chuo,4
啝,he,2
啡,fei,1
啤,pi,2
啥,sha,2
啦,la,0
啨,qing,2
啩,gua,4
啪,pa,1
啱,yan,2
啲,di,1
啳,quan,2
啵,bo,1
啶,ding,4
啷,lang,1
𠴫,ji,4
𠵫,ang,1
𠶧,dian,1
𪡐,you,4
㖸,nia,1
㗂,sheng,3
㗅,hu,2
㗈,man,4
㗊,ji,2
㗎,jia,4
㗏,wai,1
㗑,bai,0
啙,zi,3
啫,ze,1
啻,chi,4
啼,ti,2
啽,an,2
啾,jiu,1
啿,dan,4
喀,ka,1
喁,yong,2
喃,nan,2
善,shan,4
喅,yu,4
喇,la,3
喈,jie,1
喉,hou,2
喊,han,3
喋,die,2
喌,zhou,1
喏,nuo,4
喐,yu,4
喑,yin,1
喓,yao,1
喔,wo,4
喕,mian,3
喖,hu,2
喗,yun,3
喘,chuan,3
喙,hui,4
喛,huan,4
喜,xi,3
喝,he,1
喟,kui,4
喠,zhong,3
喢,sha,4
喣,xu,4
喤,huang,2
喥,duo,2
喦,nie,4
喨,liang,4
喭,yan,4
喯,pen,4
喱,li,2
喳,cha,1
喴,wei,1
喵,miao,1
喸,bu,3
喹,kui,2
喻,yu,4
𠶸,jue,2
𠶹,he,2
𠶻,ji,2
𠷎,chou,2
𠸄,ying,1
㗘,bo,2
喍,chai,2
嗀,hu,4
嗂,yao,2
嗃,he,4
嗄,sha,4
嗅,xiu,4
嗉,su,4
嗋,ai,4
嗌,yi,4
嗏,cha,1
嗐,hai,4
嗑,ke,4
嗒,ta,4
嗓,sang,3
嗔,chen,1
嗕,ru,4
嗖,sou,1
嗗,wa,1
嗘,ji,1
嗙,beng,1
嗛,xian,2
嗜,shi,4
嗝,ge,2
嗞,zi,1
嗟,jie,1
嗠,luo,4
嗡,weng,1
嗢,wa,4
嗣,si,4
嗤,chi,1
嗥,hao,2
嗦,suo,1
嗨,hai,1
嗪,qin,2
嗮,sai,4
嗯,ng,2
嗰,ge,3
嗱,na,2
嗵,tong,1
𠹛,hai,2
𠹤,wei,4
𠹦,pi,1
𠺖,mu,3
㗤,cu,4
嗷,ao,2
嗸,ao,2
嗺,zui,1
嗻,zhe,4
嗼,mo,4
嗽,sou,4
嗾,sou,3
嘀,di,1
嘁,qi,1
嘂,jiao,4
嘃,chong,1
嘈,cao,2
嘉,jia,1
嘊,ai,2
嘋,xiao,1
嘎,ga,1
嘏,gu,3
嘐,xiao,1
嘒,hui,4
嘕,xian,1
嘙,po,2
嘚,de,2
嘛,ma,0
嘝,hu,2
嘞,lei,0
嘡,tang,1
嘢,ye,3
嘣,beng,1
嘦,jiao,4
嘧,mi,4
𠻗,li,2
𠼔,chang,2
𠼞,a,1
𠼢,qiang,4
嘟,du,1
嘫,ran,2
嘬,chuai,4
嘭,peng,1
嘲,chao,2
嘴,zui,3
嘶,si,1
嘹,liao,2
嘾,dan,4
嘿,hei,1
噀,xun,4
噂,zun,3
噃,bo,0
噆,zan,3
噇,chuang,2
噈,cu,4
噊,yu,4
噋,tun,1
噌,cheng,1
噍,jiao,4
噎,ye,1
噏,xi,1
噒,lian,2
噔,deng,1
噗,pu,1
噘,jue,1
噙,qin,2
𠾳,ge,1
㗾,xue,1
㘂,ci,2
噢,yu,3
噣,zhou,4
噤,jin,4
器,qi,4
噩,e,4
噪,zao,4
噫,yi,1
噬,shi,4
噭,jiao,4
噮,yuan,1
噰,xue,2
噱,jue,2
噳,yu,3
噶,ga,2
噷,xin,1
噻,sai,1
噼,pi,1
𠿓,sa,4
𠿝,chu,1
㘇,rong,2
噿,zui,3
嚁,di,2
嚃,ta,4
嚄,huo,4
嚅,ru,2
嚆,hao,1
嚉,duo,1
嚊,pi,4
嚎,hao,2
嚏,ti,4
嚑,xun,1
嚒,me,1
嚓,ca,1
嚺,ta,4
𡁁,kai,4
㘍,ji,2
嚖,hui,4
嚗,bo,2
嚘,you,1
嚚,yin,2
嚜,me,0
嚟,li,2
嚠,liu,2
嚡,hai,2
嚤,mo,2
𡃉,jia,4
𡃓,bo,0
嚭,pi,3
嚯,huo,4
嚰,mo,2
嚱,xi,1
嚵,chan,2
嚷,rang,3
嚸,dian,3
嚹,la,0
𡄣,mi,2
㘕,han,3
㘗,qu,1
嚻,xiao,1
嚼,jiao,2
嚾,huan,1
嚿,huo,4
囃,ca,4
囄,li,2
囍,xi,3
𡅄,tan,2
囆,chai,4
囇,li,4
囊,nang,2
囎,zeng,4
囔,nang,1
㘜,chi,3
㘝,nie,4
囚,qiu,2
四,si,4
囜,nin,2
𡆣,di,2
𪛘,si,4
㘟,chuang,1
囝,jian,3
回,hui,2
囟,xin,4
因,yin,1
囡,nan,1
𡆩,jiong,3
𡆪,chuang,1
𡆯,li,3
𡆱,nan,3
囤,tun,2
囥,kang,4
囧,jiong,3
囨,pian,1
囩,yun,2
囫,hu,2
囮,e,2
困,kun,4
𡇂,yin,1
㘠,bi,1
㘡,xia,2
囹,ling,2
固,gu,4
囼,tai,1
㘢,weng,3
囿,you,4
㘣,xuan,1
圁,yin,2
圂,hun,4
圃,pu,3
圄,yu,3
圈,juan,4
圉,yu,3
圊,qing,1
圌,chuan,2
圐,ku,1
圑,fu,4
圔,ya,4
圕,tuan,1
𡈊,zhi,2
𡈏,xin,4
㘤,wan,1
圙,lüe,4
圚,hui,4
𡈨,yu,4
圛,yi,4
圜,huan,2
𡈮,xia,2
𡈰,you,2
𡈲,yin,1
𡈴,ru,3
㘥,you,2
𡈵,you,2
土,tu,3
圠,ya,4
㘦,qin,2
圢,ting,3
圥,lu,4
圦,kuai,4
在,zai,4
圩,yu,2
圪,ge,1
圫,zhun,1
圬,wu,1
圭,gui,1
圮,pi,3
圯,yi,2
地,di,4
圱,qian,1
圴,zhuo,2
圵,dang,4
圶,qia,4
圷,xia,4
圸,shan,1
㘧,xu,4
㘨,nie,4
㘬,ao,4
㘰,zhen,1
圻,qi,2
圿,jia,2
址,zhi,3
坁,zhi,3
坂,ban,3
坄,yi,4
坅,qin,3
均,jun,1
坈,rong,3
坉,tun,2
坊,fang,1
坋,ben,4
坌,ben,4
坍,tan,1
坎,kan,3
坐,zuo,4
坑,keng,1
坒,bi,4
㘵,bu,4
坡,po,1
坢,pan,3
坤,kun,1
坥,qu,1
坦,tan,3
坧,zhi,1
坨,tuo,2
坩,gan,1
坪,ping,2
坫,dian,4
坬,gua,4
坭,ni,2
坰,jiong,1
坱,yang,3
坲,fo,2
坳,ao,4
坴,lu,4
坵,qiu,1
坶,mu,4
坷,ke,3
坹,xue,4
坺,ba,2
坻,chi,2
坼,che,4
坽,ling,2
坾,zhu,4
垀,hu,1
垂,chui,2
垈,dai,4
垉,pao,2
𡊄,fen,4
㘶,jie,2
㘷,ai,4
㘺,fa,2
㘾,yu,3
型,xing,2
垌,dong,4
垍,ji,4
垎,he,4
垏,lu,4
垑,chi,3
垓,gai,1
垔,yin,1
垕,hou,4
垖,dui,1
垗,zhao,4
垘,fu,2
垙,guang,1
垚,yao,2
垛,duo,4
垝,gui,3
垞,cha,2
垟,yang,2
垠,yin,2
垡,fa,2
垢,gou,4
垣,yuan,2
垤,die,2
垥,xie,2
垧,shang,3
垨,shou,3
垬,hong,2
垮,kua,3
垳,hang,2
垵,an,1
城,cheng,2
鿍,gang,4
𡋣,wa,1
㙀,liu,4
㙁,mei,2
㙂,dui,4
㙃,bang,1
㙄,bi,4
㙅,bao,3
垶,xing,1
垸,yuan,4
垹,bang,1
垺,fu,2
垽,yin,4
垿,xu,4
埁,cen,2
埂,geng,3
埃,ai,1
埄,peng,2
埅,fang,2
埆,que,4
埇,yong,3
埈,xun,4
埋,mai,2
埌,lang,4
埍,juan,3
埏,yan,2
埐,jin,1
埑,zhe,2
埒,lie,4
埔,pu,3
埕,cheng,2
埖,hua,1
埗,bu,4
𡋯,bo,2
㙇,chu,4
㙈,xia,4
㙉,tian,3
㙊,chang,2
㙋,qi,2
㙍,duo,1
埜,ye,3
埝,nian,4
域,yu,4
埠,bu,4
埢,juan,3
埣,sui,4
埤,pi,2
埥,cheng,1
埧,ju,4
埩,zheng,1
埫,chong,3
埭,dai,4
埮,tan,4
埯,an,3
埰,cai,4
埱,chu,4
埲,beng,3
埴,zhi,2
埵,duo,3
埶,yi,4
埸,yi,4
培,pei,2
基,ji,1
埻,zhun,3
埼,qi,2
埽,sao,4
埾,ju,4
堀,ku,1
堁,ke,4
堂,tang,2
堄,ni,4
堆,dui,1
堇,qin,2
堉,yu,4
堋,beng,4
堌,gu,4
堍,tu,4
堎,leng,4
堐,ya,2
堓,an,4
㙎,wei,1
㙏,fu,4
㙐,duo,3
㙑,yu,3
㙓,kui,2
㙕,kuai,4
㙗,wei,1
㙘,yao,1
埪,kong,1
堗,tu,2
堙,yin,1
堛,bi,4
堜,lian,4
堞,die,2
堟,zhuan,4
堠,hou,4
堡,bao,3
堢,bao,3
堣,yu,2
堥,mao,2
堧,ruan,2
堨,e,4
堩,geng,4
堪,kan,1
堫,zong,1
堬,yu,2
堭,huang,2
堮,e,4
堰,yan,4
堲,ji,2
堳,mei,2
堵,du,3
堶,tuo,2
堸,feng,2
堹,zhong,4
堻,jin,1
堼,heng,4
堾,chun,1
堿,kan,3
塂,xiang,4
塄,leng,2
塅,duan,4
塇,xuan,1
塈,ji,4
鿾,lang,2
𡍲,da,1
𡎚,pian,3
㙙,long,3
㙚,xing,1
㙛,zhuan,1
㙝,xie,2
㙞,nie,4
㙟,lang,3
堽,gang,1
塃,huang,1
塉,ji,2
塌,ta,1
塍,cheng,2
塎,yong,3
塑,su,4
塓,mi,4
塔,ta,3
塕,weng,3
塖,cheng,2
塘,tang,2
塙,que,4
塛,li,4
塜,peng,2
塝,bang,4
塞,sai,1
塠,dui,1
塣,zheng,4
塥,ge,2
塦,zhen,4
塧,ai,4
塨,gong,1
填,tian,2
塬,yuan,2
塭,wen,1
塮,xie,4
塯,liu,4
塱,lang,3
𡏘,xia,4
㙠,yi,1
㙣,zhang,4
㙥,gun,4
㙦,xie,2
塲,shang,1
塳,peng,2
塶,lu,4
塷,lu,3
塺,mei,2
塻,mo,4
塽,shuang,3
塾,shu,2
墀,chi,2
墁,man,4
境,jing,4
墄,qi,1
墅,shu,4
墇,zhang,4
墈,kan,4
墉,yong,1
墌,zhi,2
墎,guo,1
墐,jin,4
墑,di,1
墒,shang,1
墓,mu,4
墔,cui,1
墕,yan,4
墘,qian,2
墚,liang,2
𡐓,kang,1
𪤗,liao,4
㙩,liao,2
㙪,yi,4
㙫,ji,2
㙮,da,1
增,zeng,1
墟,xu,1
墡,shan,4
墣,pu,2
墤,kuai,4
墥,dong,3
墦,fan,2
墩,dun,1
墫,zun,1
墭,sheng,4
墱,deng,4
墴,huang,2
㙰,xie,4
㙱,hao,4
㙳,kan,3
㙴,chan,4
㙶,tang,2
墺,ao,4
墼,ji,1
墽,qiao,1
壀,pi,2
壁,bi,4
壂,dian,4
壅,yong,1
壆,xue,2
壉,ju,4
𪤟,nan,2
㙷,zhi,2
㙸,bao,4
㙹,meng,2
壒,ai,4
壕,hao,2
壖,ruan,2
壗,jin,4
𡒉,zang,1
㙻,chan,2
㙼,lei,3
壣,lin,2
壤,rang,3
壦,xun,1
壨,lei,2
㚁,qiao,4
㚂,nang,4
士,shi,4
壬,ren,2
壴,zhu,4
㚃,yun,1
壹,yi,1
壾,mang,3
壿,zun,3
𪤴,yi,4
夂,zhi,3
夆,feng,2
㚅,long,2
夊,sui,1
夋,qun,1
夌,ling,2
𡕥,xue,4
㚆,fu,4
㚇,zong,1
夎,cuo,4
夏,xia,4
𠀼,qian,2
夐,xiong,4
夒,nao,2
𡖀,hun,1
夔,kui,2
外,wai,4
夗,yuan,4
夙,su,4
多,duo,1
㚉,gu,3
夜,ye,4
㚊,kai,1
夡,qi,4
㚋,diao,1
㚌,hua,4
夤,yin,2
夦,chen,3
㚍,kui,3
大,da,4
夨,ze,4
天,tian,1
太,tai,4
夫,fu,1
夬,guai,4
夭,yao,1
央,yang,1
夯,hang,1
夰,gao,3
失,shi,1
夲,tao,1
夳,tai,4
㚏,gao,3
夵,yan,3
夷,yi,2
夻,hua,4
夼,kuang,3
㚒,shan,3
㚓,lai,3
夽,yun,3
夿,ba,1
奀,en,1
㚔,nie,4
㚕,fu,2
㚖,gao,3
㚗,qie,2
㚘,ban,4
㚙,jia,1
奃,di,1
奄,yan,3
奅,pao,4
奆,quan,3
奇,qi,2
奈,nai,4
奉,feng,4
奍,quan,1
奔,ben,1
㚚,kong,1
㚛,xi,4
奎,kui,2
奏,zou,4
契,qi,4
奒,kai,1
奕,yi,4
奊,xie,2
套,tao,4
奘,zang,4
奙,ben,3
奚,xi,1
𡘧,qia,2
㚜,yu,4
㚝,zhui,1
㚞,shen,3
奛,huang,3
奜,fei,3
奝,diao,1
奞,xun,4
奟,beng,1
奠,dian,4
奡,ao,4
奢,she,1
奣,weng,3
奤,ha,3
𡙒,tian,1
㚠,xiao,1
奦,wu,4
奫,yun,1
奭,shi,4
㚡,ji,3
奰,bi,4
奱,luan,2
女,nü,3
奴,nu,2
奵,ding,3
奶,nai,3
㚤,yi,4
㚥,yu,2
㚦,yi,2
㚧,yan,3
㚨,shen,1
奷,qian,1
她,ta,1
奺,jiu,3
奻,nuan,2
好,hao,3
奾,xian,1
奿,fan,4
妀,ji,3
妁,shuo,4
如,ru,2
妃,fei,1
妄,wang,4
𡚹,zhang,4
㚩,ran,3
㚪,hao,4
㚫,sa,4
㚬,jun,1
㚭,you,2
妉,dan,1
妊,ren,4
妋,fu,1
妌,jing,4
妎,hai,4
妏,wen,4
妐,zhong,1
妑,pa,1
妒,du,4
妓,ji,4
妔,keng,1
妕,zhong,4
妖,yao,1
妗,jin,4
妘,yun,2
妙,miao,4
妚,fou,3
妜,yue,4
妞,niu,1
妟,yan,4
妠,na,4
妡,xin,1
妢,fen,2
妣,bi,3
妤,yu,2
妥,tuo,3
妦,feng,1
妧,wan,4
妨,fang,2
𡛂,yi,1
𡛓,ran,3
𡛗,bi,4
𡛘,pi,3
㚱,qiu,1
㚲,chan,1
㚴,bu,4
㚵,dong,1
㚹,mao,3
㚺,yun,4
㚻,ji,1
㚼,hao,3
㚽,qiao,3
㚾,xiong,1
㚿,pao,2
㛁,peng,1
妭,bo,2
妯,zhou,2
妰,zhuo,2
妱,zhao,1
妲,da,2
妴,yuan,4
妵,tou,3
妶,xian,2
妸,e,1
妹,mei,4
妺,mo,4
妻,qi,1
妼,bi,4
妽,shen,1
妾,qie,4
妿,e,1
姀,he,2
姁,xu,3
姂,fa,2
姃,zheng,1
姄,min,2
姅,ban,4
姆,mu,3
姇,fu,1
姈,ling,2
姊,zi,3
始,shi,3
姌,ran,3
姎,yang,1
姏,man,2
姐,jie,3
姑,gu,1
姒,si,4
姓,xing,4
委,wei,3
姕,zi,1
姖,ju,4
𡛜,di,1
𡛟,yue,4
𡛠,qie,1
𡛡,pi,1
𡛥,cha,4
𡛻,yong,3
𡜁,gua,1
㛂,nuo,3
㛃,jie,2
㛄,yi,1
㛅,er,4
㛈,kao,3
㛊,duo,4
妍,yan,2
姘,pin,1
姚,yao,2
姛,dong,4
姜,jiang,1
姝,shu,1
姞,ji,2
姟,gai,1
姠,xiang,4
姡,hua,2
姤,gou,4
姥,lao,3
姨,yi,2
姩,nian,2
姫,zhen,3
姭,xian,4
姮,heng,2
姯,guang,1
姰,jun,1
姱,kua,1
姲,yan,4
姳,ming,3
姴,lie,4
姵,pei,4
姶,e,4
姷,you,4
姺,shen,1
姻,yin,1
姼,shi,2
姽,gui,3
姾,quan,2
姿,zi,1
娀,song,1
威,wei,1
娂,hong,2
娃,wa,2
𡜋,huang,1
𡜥,dui,1
𡜦,hui,4
𡜧,xi,4
𡜨,xiu,1
𡜬,yi,1
㛎,lü,3
㛏,qiu,2
㛑,can,4
㛒,dou,4
㛓,xi,1
㛕,yi,4
㛖,suo,1
㛗,qie,1
㛘,po,4
㛙,xin,1
㛚,tong,3
㛛,xin,4
㛜,you,2
㛞,long,4
㛢,xiu,4
姬,ji,1
娉,ping,1
娊,xian,4
娋,shao,4
娌,li,3
娍,cheng,2
娎,xie,4
娏,mang,2
娐,fu,1
娑,suo,1
娒,mu,3
娓,wei,3
娔,ke,4
娕,chuo,4
娖,chuo,4
娗,ting,3
娘,niang,2
娜,nuo,2
娝,pou,1
娞,nei,3
娟,juan,1
娠,shen,1
娡,zhi,4
娢,han,2
娣,di,4
娤,zhuang,1
娥,e,2
娦,pin,2
娧,tui,4
娨,xian,4
娩,mian,3
娪,wu,2
娫,yan,2
娭,xi,1
娮,yan,2
娳,li,4
娽,lu,4
𡜱,ji,4
𡜲,gao,4
𡜵,pu,1
𡝂,zhuang,4
𡝊,zhe,2
𡝚,cheng,2
𡝝,wang,1
㛥,ta,4
㛦,lan,3
㛧,man,3
㛨,qiang,3
㛩,zhou,2
㛪,yan,4
㛫,xi,1
㛬,lu,4
㛭,xi,1
娬,wu,3
娵,ju,1
娶,qu,3
娷,zhui,4
娸,qi,1
娹,xian,2
娺,zhuo,2
娻,dong,1
娼,chang,1
娾,ai,3
娿,e,1
婀,e,1
婂,mian,2
婃,cong,2
婄,pou,3
婅,ju,2
婆,po,2
婇,cai,3
婈,ling,2
婉,wan,3
婊,biao,3
婋,xiao,1
婌,shu,1
婍,qi,3
婎,hui,4
婏,fan,4
婐,wo,3
婑,wo,3
婒,tan,2
婓,fei,1
婕,jie,2
婖,tian,1
婗,ni,2
婘,quan,2
婚,hun,1
婛,jing,1
婝,dian,4
婞,xing,4
婟,hu,4
婠,wan,1
婢,bi,4
婤,zhou,1
婥,nao,4
婧,jing,4
婩,an,4
婪,lan,2
婫,kun,1
婮,ju,1
婰,dian,3
婱,xian,2
㛯,mian,3
㛱,wei,3
㛲,fa,4
㛳,yi,4
㛵,cheng,1
㛶,tan,4
㛷,ji,1
㛸,shu,4
㛹,pian,2
㛺,an,1
㛻,kua,1
㛼,cha,1
㛾,xian,2
㜂,feng,1
㜃,lian,4
婷,ting,2
婹,yao,3
婺,wu,4
婻,nan,4
婼,ruo,4
婽,jia,3
婿,xu,4
媀,yu,4
媂,di,4
媃,rou,2
媅,dan,1
媆,nen,4
媉,wo,4
媊,qian,2
媋,chun,1
媌,miao,2
媏,duan,1
媑,zhong,4
媒,mei,2
媓,huang,2
媔,mian,2
媕,an,1
媖,ying,1
媗,xuan,1
媘,jie,1
媙,wei,1
媚,mei,4
媛,yuan,4
媝,qiu,1
媞,shi,4
媟,xie,4
媡,lian,4
媢,mao,4
媣,ran,3
媤,si,1
媥,pian,1
媦,wei,4
媨,jiu,4
媩,hu,2
媬,bao,3
嫏,lang,2
𡞥,hou,2
𡞧,zong,1
𡞪,fu,2
𡞫,nai,4
𡟑,hou,2
𡟕,shi,1
𡟞,xiu,1
𡟟,cong,1
㜅,xu,4
㜆,mi,4
㜇,hui,4
㜈,mu,4
㜉,yong,1
㜊,zhan,3
㜋,yi,4
㜌,nou,3
㜍,tang,2
㜎,xi,1
㜑,fu,2
㜒,yi,4
㜓,da,2
媐,yi,2
媱,yao,2
媲,pi,4
媳,xi,2
媴,yuan,2
媵,ying,4
媶,rong,2
媷,ru,4
媸,chi,1
媹,liu,2
媻,pan,2
媾,gou,4
嫀,qin,2
嫁,jia,4
嫂,sao,3
嫃,zhen,1
嫄,yuan,2
嫅,jie,1
嫆,rong,2
嫇,ming,2
嫉,ji,2
嫊,su,4
嫌,xian,2
嫍,tao,1
嫎,pang,2
嫐,nao,3
嫑,bao,2
𡟯,en,1
𡠒,guan,1
㜖,cao,2
㜘,qu,4
㜙,lu,4
㜚,su,4
㜝,an,3
㜠,cui,1
㜡,cong,1
嫕,yi,4
嫖,piao,2
嫘,lei,2
嫙,xuan,2
嫚,man,4
嫛,yi,1
嫜,zhang,1
嫝,kang,1
嫞,yong,1
嫟,ni,4
嫠,li,2
嫡,di,2
嫣,yan,1
嫤,jin,3
嫦,chang,2
嫨,han,1
嫩,nen,4
嫪,lao,4
嫫,mo,2
嫬,zhe,1
嫭,hu,4
嫯,ao,4
嫲,ma,2
𡠙,tong,1
𡠞,fu,2
𡠭,xue,3
㜣,ran,2
㜤,nian,3
㜦,xin,2
㜧,yue,4
㜨,nai,2
嫳,pie,4
嫴,gu,1
嫶,qiao,2
嫷,tuo,3
嫸,zhan,3
嫼,mo,4
嫽,liao,2
嫾,lian,2
嬁,deng,1
嬄,yi,1
嬆,xi,1
嬉,xi,1
嬊,yan,4
嬎,fan,4
嬏,fan,1
𡡑,zeng,1
㜩,ao,4
㜪,shen,1
㜫,ma,4
嬑,yi,4
嬓,jiao,4
嬔,fu,4
嬕,shi,4
嬖,bi,4
嬗,shan,4
嬘,sui,4
嬚,lian,3
嬛,huan,2
嬜,xin,1
嬞,dong,3
嬠,can,1
嬴,ying,2
㜯,xi,1
嬥,tiao,3
嬨,ci,2
嬫,rong,2
嬬,xu,1
嬯,tai,2
嬱,qian,4
嬲,niao,3
嬳,yue,4
嬵,mian,2
㜱,zhi,4
嬺,ni,4
嬼,liu,3
嬽,yuan,1
㜲,weng,3
㜳,huai,2
㜴,meng,4
㜵,niao,3
嬹,xing,4
嬿,yan,4
𡣽,yan,2
𡣾,xiao,1
𡤋,xie,4
𡤌,li,4
㜶,wan,3
孀,shuang,1
孁,ling,2
孂,jiao,3
孅,xian,1
㜹,qu,2
孈,hui,4
孉,quan,2
孊,mi,3
子,zi,3
孑,jie,2
孓,jue,2
孔,kong,3
𡤽,shu,3
孕,yun,4
孖,zi,1
字,zi,4
存,cun,2
㜿,xu,4
孚,fu,1
孛,bei,4
孜,zi,1
孝,xiao,4
孟,meng,4
孡,tai,1
孢,bao,1
季,ji,4
孤,gu,1
孥,nu,2
㝁,xuan,1
孨,zhuan,3
孩,hai,2
㝂,zhi,4
孬,nao,1
孮,cong,2
孰,shu,2
孱,chan,2
㝅,gou,4
孳,zi,1
孴,ni,3
孵,fu,1
孷,li,2
孺,ru,2
𡦪,ji,2
孽,nie,4
宀,mian,2
㝋,liao,3
它,ta,1
宄,gui,3
𡦼,rong,3
㝌,jiu,4
宅,zhai,2
宇,yu,3
守,shou,3
安,an,1
㝏,jie,4
宋,song,4
完,wan,2
宎,yao,3
宏,hong,2
宑,jing,3
宒,zhun,1
宓,fu,2
宔,zhu,3
宕,dang,4
宖,hong,2
宗,zong,1
官,guan,1
宙,zhou,4
定,ding,4
宛,wan,3
宜,yi,2
㝓,ke,4
㝔,yao,3
客,ke,4
宣,xuan,1
宥,you,4
宦,huan,4
宨,tiao,3
㝗,lang,2
㝘,yong,2
㝙,yin,2
㝚,yan,2
宧,yi,2
宬,cheng,2
宭,qun,2
宯,xiao,1
宰,zai,3
宱,zha,4
害,hai,4
宴,yan,4
宵,xiao,1
家,jia,1
宸,chen,2
容,rong,2
宺,huang,3
㝝,lin,2
㝟,mao,2
宿,su,4
寁,zan,3
寄,ji,4
寅,yin,2
密,mi,4
寇,kou,4
寉,que,4
𡨥,kou,4
𫳑,yan,1
㝢,yu,3
㝣,yi,4
寊,zhen,1
寋,jian,4
富,fu,4
寎,bing,4
寐,mei,4
寒,han,2
寓,yu,4
寔,shi,2
㝤,gou,4
㝥,mi,3
㝧,wen,3
㝨,huan,2
寖,jin,4
寘,zhi,4
寙,yu,3
㝩,kang,3
㝪,dian,4
㝫,long,2
㝬,fu,1
寞,mo,4
察,cha,2
寡,gua,3
寣,hu,1
寤,wu,4
寥,liao,2
寨,zhai,4
㝭,xing,3
㝮,cui,4
㝯,qiao,2
寭,hui,4
寮,liao,2
寯,jun,4
寰,huan,2
寱,yi,4
寲,yi,2
㝰,mian,2
𪧰,fu,4
𡬙,seng,4
𡬜,lin,3
寸,cun,4
寺,si,4
𪧷,le,4
寽,lü,4
封,feng,1
㝶,ai,4
尃,fu,1
射,she,4
尉,wei,4
㝷,xun,2
尊,zun,1
尌,shu,4
小,xiao,3
尐,jie,2
少,shao,3
尕,ga,3
尖,jian,1
尚,shang,4
尜,ga,2
㝸,bian,4
𡭾,nou,3
尞,liao,4
尟,xian,3
㝺,lian,2
尡,hun,4
㝻,jin,3
尢,wang,1
尤,you,2
㝼,yu,1
尥,liao,4
㝽,chui,2
尨,mang,2
尪,wang,1
尬,ga,4
㝾,zuo,3
㞀,hui,1
㞁,yao,4
尮,duo,4
尯,kui,4
㞂,tui,3
㞃,ji,4
㞄,an,1
㞅,luo,4
㞆,ji,3
𡯳,bo,4
㞇,wei,3
㞈,bo,1
尰,zhong,3
就,jiu,4
㞉,za,1
㞊,xu,4
尲,gan,1
尳,gu,3
尵,tui,2
尺,chi,3
𪛛,che,3
㞋,nian,3
尻,kao,1
尼,ni,2
𡰥,yi,2
㞌,yun,4
㞍,qiang,1
㞎,ba,3
尾,wei,3
尿,niao,4
局,ju,2
屁,pi,4
㞏,zhi,2
㞐,ju,1
屄,bi,1
居,ju,1
屇,tian,2
屈,qu,1
𡱂,tun,2
㞒,xie,4
㞓,qi,4
㞔,yi,2
㞖,ci,2
屋,wu,1
屌,diao,3
屎,shi,3
屏,ping,2
㞗,qiu,2
屐,ji,1
屑,xie,4
屒,zhen,3
屔,ni,2
展,zhan,3
屗,wei,3
㞘,du,1
屙,e,1
屝,fei,4
㞚,zha,3
㞛,ji,3
屠,tu,2
𡲰,qu,2
㞜,tui,1
屣,xi,3
㞟,dian,4
㞠,lao,2
履,lü,3
屧,xie,4
𡳞,lin,4
屪,liao,2
屮,che,4
屯,tun,2
屰,ni,4
㞷,huang,2
𡴎,nie,4
山,shan,1
屲,wa,1
㞤,yin,2
㞥,cen,2
㞦,ji,3
屴,li,4
屵,e,4
𡴱,hu,4
㞨,zi,3
㞩,lan,2
㞪,nao,2
㞫,ju,4
㞬,qin,4
㞭,dai,4
㞯,jie,2
屸,long,2
屹,yi,4
屺,qi,3
屻,ren,4
屼,wu,4
屽,han,4
屾,shen,1
岃,ren,4
㞰,xu,3
㞱,cong,1
㞲,yong,4
㞳,dou,3
㞴,chi,2
㞶,min,3
㞸,sui,4
岄,yue,4
岆,yao,3
岇,ang,2
岈,ya,2
岉,wu,4
岊,jie,2
岋,e,4
岌,ji,2
岎,fen,2
岏,wan,2
岐,qi,2
岑,cen,2
岒,qian,2
岓,qi,2
岔,cha,4
岕,jie,4
岜,ba,1
㞺,zu,2
㞻,hao,4
㞼,cheng,2
㞽,xue,4
㞾,ni,2
㞿,chi,4
㟀,lian,2
㟂,mu,3
㟃,si,1
岝,zuo,4
岞,zuo,4
岟,yang,3
岠,ju,4
岢,ke,3
岣,gou,3
岦,li,4
岧,tiao,2
岨,qu,1
岩,yan,2
岪,fu,2
岫,xiu,4
岬,jia,3
岯,pi,2
岱,dai,4
岳,yue,4
岵,hu,4
岷,min,2
岸,an,4
岻,chi,2
峂,tong,2
㟄,xiang,2
㟅,yang,2
岍,qian,1
峆,he,2
峇,ba,1
峉,e,4
峊,fu,4
峋,xun,2
峍,lu,4
峎,en,3
峐,gai,1
峒,dong,4
峓,yi,2
峔,mu,3
峖,an,1
峗,wei,2
峘,huan,2
峙,zhi,4
峛,li,3
峞,wei,2
峠,ka,3
𡷈,shi,4
𪨰,qu,1
𫵺,shui,3
㟇,cuo,4
㟈,qiu,2
㟉,lao,2
㟊,fu,2
㟋,dui,4
㟌,mang,2
㟍,lang,2
㟎,tuo,3
㟏,han,2
㟐,mang,2
㟑,bo,2
㟓,qi,2
㟔,han,2
㟖,long,4
峨,e,2
峪,yu,4
峬,bu,1
峭,qiao,4
峮,qun,1
峰,feng,1
峱,nao,2
峲,li,3
峷,shen,1
峹,tu,2
峻,jun,4
峾,yin,2
峿,yu,3
崀,lang,4
𡷤,wu,2
𡷫,cheng,2
㟗,bin,1
㟘,tiao,2
㟙,lao,3
㟛,zan,4
㟝,pei,2
㟞,zhan,4
㟟,xiang,4
㟠,gang,3
㟤,lu,4
崆,kong,1
崇,chong,2
崉,ta,4
崊,lin,2
崋,hua,4
崌,ju,1
崏,min,2
崒,zu,2
崓,gu,4
崔,cui,1
崚,ling,2
崛,jue,2
崝,zheng,1
崞,guo,1
崟,yin,2
崣,wei,3
崥,pi,2
崦,yan,1
崧,song,1
崨,jie,2
崩,beng,1
崪,zu,2
崫,ku,1
崮,gu,4
崯,yin,2
𡸕,qiong,2
𡸥,Wan,3
㟨,duan,1
㟩,min,2
㟪,wei,1
㟫,quan,2
㟬,sou,3
㟮,tu,1
崴,wei,1
崶,feng,1
崺,yi,3
崽,zai,3
崾,yao,3
崿,e,4
嵁,kan,1
嵃,yan,3
嵆,ji,1
嵇,ji,1
嵋,mei,2
嵌,qian,4
嵍,wu,4
嵎,yu,2
嵕,zong,1
嵖,cha,2
𡺠,hun,2
㟰,ming,3
㟱,yao,3
㟲,jue,2
㟳,li,4
㟴,kuai,4
㟵,gang,3
㟶,yuan,2
嵊,sheng,4
嵞,tu,2
嵟,dui,1
嵠,xi,1
嵡,weng,3
嵣,dang,4
嵤,rong,2
嵥,jie,2
嵦,kai,3
嵧,liu,2
嵩,song,1
嵪,qiao,1
嵫,zi,1
嵬,wei,2
嵯,cuo,2
嵱,yong,3
嵲,nie,4
嵳,cuo,2
嵴,ji,2
𡺺,qiong,2
㟹,lao,2
㟻,qian,4
㟽,biao,3
㟾,yong,1
㟿,mang,3
嵿,ding,3
嶀,tu,1
嶂,zhang,4
嶅,ao,2
嶉,cui,1
嶊,zui,3
嶍,xi,2
㠅,fu,2
㠇,jiu,4
㠈,run,4
㠉,tong,2
㠊,qu,1
㠋,e,4
㠌,qi,1
㠍,ji,2
㠎,ji,2
㠐,jiao,4
嶏,pei,4
嶑,xiang,4
嶒,ceng,2
嶓,bo,1
嶕,jiao,1
嶙,lin,2
嶛,liao,2
嶜,jin,1
嶝,deng,4
嶞,duo,4
嶣,jiao,1
㠑,zui,4
㠓,meng,2
㠔,bai,4
㠕,wei,3
㠖,yi,3
㠗,ao,4
嶬,yi,2
嶭,nie,4
嶲,xi,1
嶶,wei,1
𡼾,kuai,4
𡽅,yun,4
㠙,hao,2
㠚,dui,4
㠛,wo,4
㠜,ni,4
嶷,yi,2
嶾,yin,3
𡾻,cang,2
㠟,li,2
巀,jie,2
巁,li,4
巂,xi,1
㠡,niao,3
㠢,huai,2
巇,xi,1
巈,ju,2
巉,chan,2
𡾱,mi,2
㠥,lü,4
㠦,feng,1
巐,chao,3
㠧,mi,3
巙,kui,2
𡿤,xian,2
㠨,yu,4
𡿥,yu,4
川,chuan,1
州,zhou,1
巟,huang,1
𡿩,lie,4
𡿭,kun,1
巢,chao,2
巤,lie,4
工,gong,1
𪛜,gong,1
左,zuo,3
巧,qiao,3
巨,ju,4
巫,wu,1
𢀜,gong,3
差,cha,1
㠭,zhan,3
㠮,peng,1
己,ji,3
已,yi,3
巳,si,4
巴,ba,1
巵,zhi,1
巷,xiang,4
巸,yi,2
巹,jin,3
㠱,ji,4
巽,xun,4
巾,jin,1
巿,fu,2
帀,za,1
㠲,bi,3
市,shi,4
布,bu,4
㠴,ren,4
㠵,huang,1
㠷,ge,2
㠸,ku,4
㠹,jie,4
㠺,sha,1
㠼,si,1
希,xi,1
帎,dan,4
㠽,tong,2
㠾,yuan,1
㠿,zi,1
㡀,bi,4
帑,tang,3
帓,mo,4
帔,pei,4
帕,pa,4
帖,tie,1
帙,zhi,4
帚,zhou,3
帛,bo,2
㡁,kua,3
㡂,li,4
㡃,huang,1
㡄,xun,2
㡅,nuo,3
帝,di,4
帟,yi,4
帠,yi,4
帢,qia,4
帣,juan,4
㡇,zhe,2
㡈,wen,4
帨,shui,4
帩,qiao,4
席,xi,2
𢃇,li,3
㡉,xian,2
㡋,ye,2
帷,wei,2
常,chang,2
帺,qi,2
㡏,shu,4
㡐,jian,1
㡑,qiao,1
㡒,zhun,1
㡔,wu,4
㡕,ying,1
㡖,chuang,2
帽,mao,4
帾,du,3
幄,wo,4
幅,fu,2
幆,yi,4
𢃬,jian,1
㡗,ti,2
㡘,lian,2
㡙,bi,1
㡚,gou,1
㡛,mang,2
幋,pan,2
幌,huang,3
幍,tao,1
幏,jia,4
𢄓,wu,4
㡜,xie,4
㡝,feng,4
㡟,zao,1
幒,zhong,1
幔,man,4
幕,mu,4
幖,biao,1
幛,zhang,4
㡠,zheng,4
幡,fan,1
幢,chuang,2
㡢,man,4
幧,qiao,1
㡥,yin,4
㡦,pin,1
幪,meng,2
幮,chu,2
幯,jie,2
幰,xian,3
㡧,zheng,4
㡨,jian,1
㡩,luan,2
㡪,nie,2
平,ping,2
𢆉,ren,3
年,nian,2
幵,jian,1
幸,xing,4
幺,yao,1
幻,huan,4
幼,you,4
𢆶,you,1
𢆸,beng,1
幽,you,1
𢇁,zi,1
𢇇,guan,1
㡫,yi,4
㡮,ji,2
庀,pi,3
㡯,zhai,2
㡰,yu,3
㡱,jiu,3
㡲,huan,2
㡳,zhi,3
庇,bi,4
庈,qin,2
庉,dun,4
床,chuang,2
庋,ji,3
庌,ya,3
庎,jie,4
序,xu,4
庘,ya,1
㡴,la,1
㡵,ling,2
㡶,zhi,3
㡷,ben,3
㡸,zha,4
㡹,ju,1
㡺,dan,4
㡻,liao,4
底,di,3
庖,pao,2
店,dian,4
庚,geng,1
庛,ci,4
府,fu,3
㡼,yi,4
㡽,zhao,4
㡾,xian,4
㢀,ci,4
㢁,chi,3
㢂,yan,3
庠,xiang,2
庡,yi,3
庢,zhi,4
庣,tiao,1
庤,zhi,4
庥,xiu,1
度,du,4
𢈈,ao,1
㢃,lang,2
㢄,dou,4
㢅,long,4
座,zuo,4
庨,xiao,1
庩,tu,2
庪,gui,3
庬,mang,2
庭,ting,2
庯,bu,1
㢈,tui,2
㢉,cha,2
㢊,ai,3
㢋,chi,3
庳,bi,4
庴,ji,2
庵,an,1
庶,shu,4
康,kang,1
庸,yong,1
庹,tuo,3
𢈻,jie,2
㢍,ying,3
㢎,zhe,2
㢏,tou,2
庾,yu,3
廊,lang,2
𢉦,jun,3
㢑,tui,2
廅,e,4
廇,liu,4
廉,lian,2
廋,sou,1
廌,zhi,4
㢒,cha,2
㢓,zhang,4
㢔,zong,3
廍,bu,4
廑,jin,3
廒,ao,2
廓,kuo,4
廖,liao,4
廘,lu,4
㢖,pan,1
廙,yi,4
廛,chan,2
廜,tu,2
㢙,qin,2
㢚,lu,3
㢛,yan,4
㢜,kang,4
㢞,yi,4
廱,yong,1
廲,li,2
廴,yin,3
㢟,chan,1
延,yan,2
廷,ting,2
建,jian,4
廿,nian,4
弁,bian,4
弄,nong,4
弅,fen,4
弆,ju,3
𢍁,qi,2
弇,yan,3
弈,yi,4
𢍏,juan,4
弊,bi,4
𫠠,yi,4
弋,yi,4
式,shi,4
㢥,dong,4
㢦,ge,1
弓,gong,1
𢎘,han,4
引,yin,3
弖,hu,4
𢎙,xian,2
弗,fu,2
弘,hong,2
㢨,han,4
㢩,di,4
弛,chi,2
弜,jiang,4
㢬,hong,2
弝,ba,4
弟,di,4
㢮,chi,2
㢯,diao,1
㢰,bi,4
㢱,mei,4
弡,jue,2
弣,fu,3
弤,di,3
弦,xian,2
弧,hu,2
弨,chao,1
弩,nu,3
㢲,xun,4
㢳,lu,2
㢵,xie,2
㢶,bi,4
弫,zhen,3
弬,yi,2
弭,mi,3
弮,quan,1
𢏝,zhou,1
弰,shao,1
弱,ruo,4
㢺,xian,2
㢻,rui,4
㢼,bie,4
弴,diao,1
弶,jiang,4
弸,peng,2
𢏳,peng,1
㢾,juan,4
弼,bi,4
弽,she,4
㣀,zhen,4
㣁,bei,4
㣂,e,4
弿,jian,3
彀,gou,4
㣄,qu,2
㣅,zan,4
彇,xiao,1
彋,hong,2
㣆,mi,2
彐,ji,4
彔,lu,4
彖,tuan,4
彗,hui,4
彘,zhi,4
㣈,si,4
彝,yi,2
彡,shan,1
形,xing,2
彣,wen,2
彤,tong,2
㣌,shan,4
㣍,tai,2
𢒉,shan,3
彧,yu,4
㣎,mu,4
彩,cai,3
彬,bin,1
彭,peng,2
彮,yong,3
㣑,rong,2
彯,piao,3
彰,zhang,1
㣒,ceng,4
影,ying,3
㣓,can,4
彳,chi,4
𢒼,yi,3
㣔,ding,1
彴,zhuo,2
彵,tuo,3
𢓁,gong,1
𱝫,shang,4
𱝬,fan,2
彶,ji,2
彷,pang,2
彸,zhong,1
役,yi,4
彺,wang,3
鿈,che,3
鿉,wu,3
𢓌,liu,4
㣙,di,2
彼,bi,3
彽,di,1
往,wang,3
徂,cu,2
㣚,tong,3
㣛,ta,4
㣜,xing,2
㣝,song,1
㣞,duo,2
㣟,xi,4
㣠,tao,1
待,dai,4
徆,xi,1
徇,xun,4
很,hen,3
徉,yang,2
徊,huai,2
律,lü,4
徍,wang,3
徎,cheng,3
徐,xu,2
徒,tu,2
得,de,2
徘,pai,2
徙,xi,3
徛,ji,4
徜,chang,2
徝,zhi,4
御,yu,4
徢,xie,4
徥,shi,4
徦,jia,3
徨,huang,2
循,xun,2
㣯,xie,4
徬,bang,4
徭,yao,2
徯,xi,1
㣱,ze,2
徶,bie,2
德,de,2
徻,hui,4
徼,jiao,4
徽,hui,1
忀,xiang,1
忂,qu,2
𢖩,dian,1
心,xin,1
忄,xin,1
必,bi,4
忉,dao,1
忌,ji,4
忍,ren,3
忐,tan,3
忑,te,4
忒,te,4
忓,gan,1
忔,qi,4
忖,cun,3
志,zhi,4
忙,mang,2
忚,xi,1
𢖳,xu,1
𢖷,gong,1
㤅,xi,4
㤇,ao,3
㤉,ya,2
忝,tian,3
忞,min,2
忟,wen,3
忠,zhong,1
忡,chong,1
忢,wu,4
忣,ji,2
忤,wu,3
忥,xi,4
忨,wan,4
忪,zhong,1
快,kuai,4
忬,yu,4
忭,bian,4
忮,zhi,4
忯,qi,2
忱,chen,2
忲,tai,4
忳,tun,2
忴,qian,2
念,nian,4
忶,hun,2
忸,niu,3
忺,xian,1
忻,xin,1
忼,hang,4
忽,hu,1
忿,fen,4
㤏,tong,2
㤒,gao,1
㤗,tai,4
怇,ju,4
怈,yi,4
怉,bao,3
怊,chao,1
怋,min,2
怌,pei,1
怍,zuo,4
怎,zen,3
怏,yang,4
怐,kou,4
怑,ban,4
怒,nu,4
怓,nao,2
怔,zheng,1
怕,pa,4
怖,bu,4
怗,tie,1
怘,hu,4
怙,hu,4
怚,ju,4
怛,da,2
思,si,1
怞,chou,2
怠,dai,4
怡,yi,2
怤,fu,1
急,ji,2
怦,peng,1
性,xing,4
怨,yuan,4
怩,ni,2
怪,guai,4
怫,fu,2
怭,bi,4
怮,you,1
怰,xuan,4
怱,cong,1
怲,bing,3
怵,chu,4
怷,shu,4
怹,tan,1
怽,mi,2
𢗿,mo,4
㤝,chong,1
㤥,hai,4
㤦,li,4
㤬,hui,4
恀,shi,4
恁,ren,4
恂,xun,2
恃,shi,4
恄,xi,4
恅,lao,3
恇,kuang,1
恈,mou,2
恉,zhi,3
恌,tiao,1
恍,huang,3
恎,die,2
恏,hao,4
恐,kong,3
恑,gui,3
恓,xi,1
恔,jiao,3
恕,shu,4
恗,hu,1
恘,qiu,1
恙,yang,4
恚,hui,4
恛,hui,2
恜,chi,4
恝,jia,2
恞,yi,2
恟,xiong,1
恢,hui,1
恣,zi,4
恤,xu,4
恧,nü,4
恨,hen,4
恩,en,1
恪,ke,4
恫,dong,4
恬,tian,2
恭,gong,1
恰,qia,4
恲,peng,1
𢙝,xian,3
恾,mang,2
恿,yong,3
悀,yong,3
悁,juan,1
悃,kun,3
悄,qiao,1
悆,yu,4
悇,tu,2
悈,jie,4
悉,xi,1
悊,zhe,2
悌,ti,4
悍,han,4
悎,hao,4
悐,ti,4
悑,bu,4
悒,yi,4
悔,hui,3
悕,xi,1
悖,bei,4
悗,man,2
悘,yi,1
悙,heng,1
悚,song,3
悛,quan,1
悜,cheng,3
悝,kui,1
悟,wu,4
悠,you,1
悢,liang,4
患,huan,4
悧,li,4
您,nin,2
㤿,yan,1
㥀,zhi,2
㥂,te,4
㥄,ling,2
㥈,die,2
㥖,cong,1
悰,cong,2
悱,fei,3
悲,bei,1
悴,cui,4
悷,li,4
悸,ji,4
悹,guan,4
悺,guan,4
悻,xing,4
悼,dao,4
悾,kong,1
悿,tian,3
惁,xi,1
惂,kan,3
惃,gun,3
惄,ni,4
情,qing,2
惆,chou,2
惇,dun,1
惈,guo,3
惉,chan,1
惌,wan,3
惎,ji,4
惏,lin,2
惐,yu,4
惑,huo,4
惓,quan,2
惔,tan,2
惕,ti,4
惘,wang,3
惙,chuo,4
惚,hu,1
惛,hun,1
惝,chang,3
惞,xin,1
惟,wei,2
惠,hui,4
惢,suo,3
惤,jian,1
惦,dian,4
𢛔,dong,1
㥚,yu,2
㥣,hui,4
惰,duo,4
想,xiang,3
惴,zhui,4
惵,die,2
惶,huang,2
惷,chun,3
惸,qiong,2
惹,re,3
惺,xing,1
惼,bian,3
惾,zong,1
惿,ti,2
愀,qiao,3
愁,chou,2
愃,xuan,1
愄,wei,1
愅,ge,2
愆,qian,1
愈,yu,4
愉,yu,2
愊,bi,4
愋,xuan,1
愍,min,3
愎,bi,4
意,yi,4
愐,mian,3
愒,qi,4
愔,yin,1
愕,e,4
愖,chen,2
愗,mao,4
愘,qia,4
愙,ke,4
愚,yu,2
愝,yan,3
愞,nuo,4
感,gan,3
愡,zong,3
愢,sai,1
愣,leng,4
愥,ying,1
慨,kai,3
𢜭,ji,3
𢜶,sao,4
𢜸,nao,2
㥯,yin,3
愧,kui,4
愪,yun,2
愫,su,4
愬,se,4
愭,qi,2
愮,yao,2
愯,song,3
愰,huang,4
愱,ji,2
愲,gu,3
愵,ni,4
愶,xie,2
愸,zheng,3
愹,yong,3
愺,cao,3
慀,xi,4
慁,hun,4
慃,yang,3
慅,sao,1
慆,tao,1
慈,ci,2
慉,xu,4
慊,qian,4
慌,huang,1
慎,shen,4
慏,ming,3
慒,cong,2
慓,piao,4
慔,mu,4
慕,mu,4
慗,chi,4
慛,cui,2
慜,min,3
慝,te,4
慞,zhang,1
慠,ao,4
慡,shuang,3
慢,man,4
慥,zao,4
慦,jiu,4
慧,hui,4
慩,lian,2
慬,qin,2
慰,wei,4
慵,yong,1
慷,kang,1
憁,cong,4
憃,chong,1
憄,zhi,4
𢟪,xi,4
𢠡,sao,4
憉,peng,2
憋,bie,1
憎,zeng,1
憏,chi,4
憓,hui,4
憔,qiao,2
憗,yin,4
憙,xi,3
憛,tan,2
憝,dui,4
憞,dui,4
憥,lao,2
憧,chong,1
憨,han,1
憩,qi,4
憬,jing,3
憭,liao,3
憯,can,3
憱,cu,4
𢠿,gui,4
憵,pi,1
憷,chu,3
憺,dan,4
憼,jing,3
憾,han,4
憿,jiao,3
懁,xuan,1
懂,dong,3
懄,qin,2
懅,ju,4
懆,cao,3
懈,xie,4
懊,ao,4
懋,mao,4
懏,jun,4
㦝,miao,3
㦟,mai,2
㦠,dui,4
懖,kuo,4
懚,yin,4
懛,dai,1
懜,meng,3
懢,lan,2
懥,zhi,4
懦,nuo,4
𢣏,ai,4
懬,kuang,4
懮,you,3
㦤,yi,4
㦪,xie,4
懹,rang,4
懿,yi,4
𢦅,hong,3
戈,ge,1
戉,yue,4
戊,wu,4
戌,xu,1
戍,shu,4
戎,rong,2
成,cheng,2
𢦏,zai,1
我,wo,3
戒,jie,4
戓,ge,1
㦰,jian,1
或,huo,4
𢦞,guo,2
𢦟,kan,1
戙,dong,4
戚,qi,1
戛,jia,2
戜,die,2
戟,ji,3
戠,zhi,1
戡,kan,1
戢,ji,2
戣,kui,2
戤,gai,4
戥,deng,3
戨,ge,1
截,jie,2
戫,yu,4
戭,yan,3
戮,lu,4
㦽,yu,4
戴,dai,4
戳,chuo,1
戵,qu,2
戺,shi,4
戻,ti,4
戽,hu,4
戾,li,4
房,fang,2
所,suo,3
𢨯,mao,3
扁,bian,3
扂,dian,4
扃,jiong,1
扄,shang,3
扅,yi,2
扆,yi,3
扇,shan,4
扈,hu,4
扉,fei,1
扊,yan,3
𢩘,ke,1
手,shou,3
扌,shou,3
才,cai,2
㧅,dao,1
扐,le,4
扒,ba,1
打,da,3
扔,reng,1
払,fan,3
扏,qiu,2
托,tuo,1
扙,zhang,4
扚,diao,3
扛,gang,1
扜,yu,1
扝,ku,1
扞,han,4
扠,cha,1
扡,tuo,1
扢,gu,3
扣,kou,4
扤,wu,4
扦,qian,1
㧊,po,1
㧌,mao,4
扟,shen,1
扭,niu,3
扮,ban,4
扯,che,3
扱,cha,1
扲,qian,2
扳,ban,1
扶,fu,2
扷,ao,4
批,pi,1
扺,zhi,3
扻,zhi,4
扼,e,4
扽,den,4
找,zhao,3
承,cheng,2
技,ji,4
抁,yan,3
抂,kuang,2
抃,bian,4
抄,chao,1
抅,ju,1
抇,hu,2
抈,yue,4
抉,jue,2
把,ba,3
抋,qin,4
抌,dan,3
抍,zheng,3
抎,yun,3
抏,wan,2
抐,ne,4
抑,yi,4
抒,shu,1
抓,zhua,1
抔,pou,2
投,tou,2
抖,dou,3
抗,kang,4
折,zhe,2
抣,yun,2
𢪃,cu,4
㧒,yu,4
㧙,bi,4
㧠,mi,2
扸,xi,1
抧,zhi,3
抨,peng,1
抪,bu,4
披,pi,1
抬,tai,2
抮,zhen,3
抯,zha,1
抰,yang,1
抱,bao,4
抲,he,1
抳,ni,3
抴,ye,4
抵,di,3
抶,chi,4
抹,mo,3
抺,mei,4
抻,chen,1
押,ya,1
抽,chou,1
抾,qu,1
抿,min,3
拁,jia,1
拂,fu,2
拃,zha,3
拄,zhu,3
拆,chai,1
拇,mu,3
拉,la,1
拊,fu,3
拌,ban,4
拍,pai,1
拎,lin,1
拐,guai,3
拑,qian,2
拒,ju,4
拓,tuo,4
拔,ba,2
拖,tuo,1
拗,ao,4
拘,ju,1
拚,pin,1
招,zhao,1
拜,bai,4
拤,qia,2
㧡,hai,4
㧢,yin,1
㧣,zhu,1
㧥,xian,3
㧦,xuan,4
㧬,gong,3
㧮,hu,1
㧯,lao,3
拭,shi,4
拮,jie,2
拯,zheng,3
拰,nin,3
拱,gong,3
拲,gong,3
拳,quan,2
拴,shuan,1
拵,cun,2
拷,kao,3
拸,yi,2
拹,xie,2
拺,ce,4
拼,pin,1
拽,ye,4
拾,shi,2
拿,na,2
持,chi,2
挄,kuo,4
挅,duo,4
挆,duo,3
指,zhi,3
挈,qie,4
按,an,4
挊,nong,4
挋,zhen,4
挌,ge,2
挍,jiao,1
挎,kua,4
挏,dong,4
挐,ru,2
挑,tiao,1
挔,lü,3
挕,die,2
挖,wa,1
挧,yu,3
𢫨,rong,3
㧳,zhuo,4
挨,ai,1
挪,nuo,2
挫,cuo,4
挬,bo,2
挭,geng,3
挮,ti,3
振,zhen,4
挰,cheng,2
挲,suo,1
挴,mei,3
挸,jian,3
挹,yi,4
挺,ting,3
挻,shan,1
挼,ruo,2
挽,wan,3
捀,feng,2
捁,jiao,3
捂,wu,3
捃,jun,4
捄,ju,1
捅,tong,3
捇,huo,4
捈,tu,2
捉,zhuo,1
捊,pou,2
捋,luo,1
捌,ba,1
捍,han,4
捎,shao,1
捏,nie,1
捐,juan,1
捒,shu,4
捔,jue,2
捕,bu,3
捖,wan,2
捗,bu,4
捘,zun,4
捙,yi,4
捛,lü,3
𢭃,dou,4
㧻,zhuo,2
㧾,hu,1
㨁,zhi,4
㨂,dong,3
㨃,dui,3
㨄,zhao,4
㨆,lin,3
捥,wan,4
捧,peng,3
捩,lie,4
捪,min,2
捬,fu,3
捭,bai,3
捯,dao,2
捰,wo,3
捱,ai,2
捳,yue,4
捵,chen,1
捶,chui,2
捷,jie,2
捸,tu,1
捹,ben,4
捺,na,4
捻,nian,3
捼,ruo,2
捽,zuo,2
捾,wo,4
掀,xian,1
掂,dian,1
掅,qing,4
掇,duo,1
授,shou,4
掉,diao,4
掊,pou,2
掌,zhang,3
掍,hun,4
掎,ji,3
掏,tao,1
掐,qia,1
排,pai,2
掔,qian,1
掕,ling,2
掖,ye,1
掘,jue,2
掜,yi,4
掝,huo,4
掞,shan,4
掟,ding,4
掠,lüe,4
探,tan,4
掣,che,4
掤,bing,1
接,jie,1
控,kong,4
推,tui,1
掩,yan,3
措,cuo,4
掫,zou,1
掮,qian,2
掯,ken,4
掰,bai,1
掱,pa,2
𢮿,guai,1
㨋,che,3
㨒,kui,2
掾,yuan,4
掿,nuo,4
揃,jian,3
揄,yu,2
揆,kui,2
揇,nan,3
揈,hong,1
揉,rou,2
揊,pi,4
揋,wei,1
揌,sai,1
揍,zou,4
揎,xuan,1
描,miao,2
提,ti,2
插,cha,1
揔,song,1
揕,zhen,4
揖,yi,1
揗,xun,2
揘,yong,2
揙,bian,1
揜,yan,3
揝,zan,3
揞,an,3
揟,xu,1
揠,ya,4
握,wo,4
揢,ke,2
揣,chuai,3
揤,ji,2
揦,la,2
揧,la,4
揨,chen,2
揩,kai,1
揪,jiu,1
揭,jie,1
揱,xiao,1
揲,she,2
揳,xie,1
援,yuan,2
揶,ye,2
揸,zha,1
揻,wei,1
搄,geng,1
搜,sou,1
𢯭,deng,4
𢯱,sou,1
𢯽,cuo,4
𢯾,mao,4
㨖,zhi,4
搈,rong,2
搉,que,4
搋,chuai,1
搌,zhan,3
搏,bo,2
搐,chu,4
搑,rong,2
搒,peng,2
搓,cuo,1
搔,sao,1
搕,ke,1
搙,nu,4
搚,la,1
搛,jian,1
搝,qiu,3
搞,gao,3
搠,shuo,4
搡,sang,3
搢,jin,4
搣,mie,4
搦,nuo,4
搧,shan,1
搩,jie,2
搪,tang,2
搫,pan,2
搬,ban,1
搭,da,1
搯,tao,1
搰,hu,2
搲,wa,1
搳,hua,2
搴,qian,1
搷,tian,2
搸,zhen,1
搽,cha,2
搿,ge,2
摁,en,4
𢱟,chan,3
𢱤,song,3
㨮,dou,1
㨰,gun,3
㨳,ji,4
㨴,jian,4
㨺,men,2
㨼,lüe,4
㨽,pi,4
㩁,que,4
摍,suo,1
摎,jiu,1
摏,chong,1
摒,bing,4
摓,feng,2
摔,shuai,1
摗,sou,1
摘,zhai,1
摛,chi,1
摝,lu,4
摞,luo,4
摡,gai,4
摣,zha,1
摤,chuang,3
摦,hua,4
摧,cui,1
摨,nai,2
摩,mo,2
摬,ying,3
摭,zhi,2
摮,ao,2
摰,nie,4
摴,chu,1
摵,she,4
摸,mo,1
摹,mo,2
摽,biao,1
撂,liao,4
撇,pie,1
𢲵,zao,4
𢲶,qie,4
𢲼,die,2
𢳆,ao,4
㩃,qian,1
㩄,shai,1
㩆,jiu,4
㩉,da,2
摖,qi,4
撅,jue,1
撒,sa,1
撕,si,1
撖,han,4
撘,da,1
撙,zun,3
撚,nian,3
撜,zheng,3
撞,zhuang,4
撠,ji,3
撢,dan,3
撤,che,4
撨,xiao,1
撩,liao,2
撴,dun,1
𢵮,lü,1
𫾈,nia,2
㩓,hui,3
㩘,ni,3
撼,han,4
撽,qiao,4
擀,gan,3
擂,lei,2
擅,shan,4
擉,chuo,4
擌,se,4
操,cao,1
擎,qing,2
擐,huan,4
擒,qin,2
擖,ka,1
擗,pi,3
擘,bo,4
擙,ao,4
擛,ye,4
𢶍,za,2
擟,mi,2
擢,zhuo,2
擤,xing,3
擦,ca,1
擨,ye,2
擩,ru,3
擭,huo,4
㩧,bo,2
擸,lie,4
擿,zhi,4
攀,pan,1
攂,lei,4
攃,ca,1
攇,xian,3
攈,pei,4
攉,huo,1
攍,ying,2
㩰,jiao,3
攕,xian,1
攗,mei,2
攘,rang,2
攠,mi,2
鿜,ra,1
攥,zuan,4
攫,jue,2
㩹,die,2
攮,nang,3
支,zhi,1
攱,gui,3
㩻,qi,1
㩼,zhi,1
攲,qi,1
攴,pu,1
收,shou,1
㩿,ku,1
攸,you,1
改,gai,3
攺,yi,3
攻,gong,1
㪁,qin,2
攽,ban,1
放,fang,4
政,zheng,4
𢼄,qi,3
敀,po,4
敁,dian,1
敃,min,3
故,gu,4
𢼌,bao,4
㪈,gui,4
敇,ce,4
效,xiao,4
敉,mi,3
敊,chu,4
敋,ge,2
㪊,qun,2
敏,min,3
救,jiu,4
敒,shen,1
敓,duo,2
敔,yu,3
敕,chi,4
敖,ao,2
教,jiao,1
㪏,bi,3
㪒,ni,2
敜,nie,4
敝,bi,4
敞,chang,3
敡,yi,4
敢,gan,3
散,san,3
敤,ke,3
敦,dun,1
敨,tou,3
敫,jiao,3
敬,jing,4
敯,min,3
㪠,qian,4
㪣,xiao,1
敲,qiao,1
整,zheng,3
敷,fu,1
敹,liao,2
敼,yi,3
𢿣,qiao,1
斀,zhuo,2
文,wen,2
𪯡,wen,2
斏,lang,2
斐,fei,3
斑,ban,1
㪱,huan,4
斒,ban,1
斖,wei,3
料,liao,4
𣁳,wo,4
斛,hu,2
斜,xie,2
斝,jia,3
斞,yu,3
斟,zhen,1
斠,jiao,4
斡,wo,4
斢,tou,3
㪺,ju,1
斣,dou,4
斤,jin,1
斥,chi,4
斦,yin,2
斧,fu,3
斨,qiang,1
斪,qu,2
斫,zhuo,2
㫀,ding,3
斯,si,1
新,xin,1
斲,zhuo,2
斶,chu,4
方,fang,1
㫃,yan,3
施,shi,1
斿,liu,2
旀,mei,4
旁,pang,2
旃,zhan,1
旄,mao,2
旅,lü,3
旆,pei,4
旈,liu,2
旋,xuan,2
旌,jing,1
旍,jing,1
旎,ni,3
族,zu,2
旐,zhao,4
旒,liu,2
旓,shao,1
旔,jian,4
旖,yi,3
旗,qi,2
旘,zhi,4
旚,piao,1
旛,fan,1
旜,zhan,1
旞,sui,4
旡,ji,4
既,ji,4
𣄸,huo,4
日,ri,4
旦,dan,4
旨,zhi,3
早,zao,3
旬,xun,2
旭,xu,4
旮,ga,1
旯,la,2
𣅃,zai,3
㫗,hou,4
旰,gan,4
旱,han,4
旲,tai,2
旴,xu,1
旵,chan,3
𣅍,bing,1
㫘,mi,4
旺,wang,4
旻,min,2
旼,min,2
旿,wu,3
昂,ang,2
昃,ze,4
昄,ban,3
昅,jie,2
昆,kun,1
昉,fang,3
昊,hao,4
昋,gui,4
昌,chang,1
昍,xuan,1
明,ming,2
昏,hun,1
昒,hu,1
易,yi,4
昕,xin,1
昝,zan,3
昞,bing,3
星,xing,1
映,ying,4
昡,xuan,4
昤,ling,2
春,chun,1
昧,mei,4
昨,zuo,2
昩,mo,4
昪,bian,4
昫,xu,3
昭,zhao,1
是,shi,4
昱,yu,4
昲,fei,4
昳,die,2
昴,mao,3
昶,chang,3
昹,ai,3
昺,bing,3
𣅽,po,4
𪰐,ben,4
晁,Chao,2
晃,huang,3
晅,xuan,3
晆,kui,2
晇,xu,1
晈,jiao,3
晌,shang,3
晏,yan,4
晐,gai,1
𣆘,shi,3
㫰,lang,4
㫱,nan,3
晗,han,2
晙,jun,4
晚,wan,3
晜,kun,1
晞,xi,1
晟,cheng,2
晠,sheng,4
晡,bu,1
晢,zhe,2
晣,zhe,2
晤,wu,4
晥,han,4
晦,hui,4
晨,chen,2
晪,tian,3
晫,zhuo,2
晬,zui,4
晭,zhou,3
普,pu,3
景,jing,3
晰,xi,1
晲,ni,3
晴,qing,2
晶,jing,1
晷,gui,3
晸,zheng,3
晹,yi,4
智,zhi,4
晼,wan,3
晽,lin,2
晾,liang,4
暀,wang,3
暃,fei,1
暑,shu,3
㬂,yu,2
㬃,tai,2
㬈,wen,1
㬊,huan,3
暄,xuan,1
暅,xuan,3
暆,yi,2
暇,xia,2
暋,min,3
暌,kui,2
暍,ye,1
暒,qing,2
暓,mao,4
暔,nan,2
暕,jian,3
暖,nuan,3
暗,an,4
㬎,xian,3
暝,ming,2
暠,gao,3
暡,weng,3
暨,ji,4
暭,hao,4
暮,mu,4
暰,cong,1
暲,zhang,1
暳,hui,4
暴,bao,4
暵,han,4
㬚,che,4
㬟,fen,1
暹,xian,1
暻,jing,3
暾,tun,1
暿,xi,3
曀,yi,4
曂,huang,4
曅,ye,4
曈,tong,2
曎,yi,4
曒,jiao,3
曚,meng,2
曙,shu,3
曛,xun,1
曜,yao,4
𣋟,mo,3
曝,pu,4
曞,li,4
曟,chen,2
曣,yan,4
曦,xi,1
曧,rong,2
曩,nang,3
曪,luo,3
曰,yue,1
曱,yue,1
曲,qu,1
更,geng,1
曶,hu,1
曷,he,2
𣌬,ju,3
曹,cao,2
曼,man,4
曾,ceng,2
替,ti,4
朁,can,3
朄,yin,3
朅,qie,4
㬱,ti,4
𪱗,jin,1
㬲,tian,1
朇,pi,2
月,yue,4
有,you,3
㬳,wu,3
䶻,zhuan,4
朊,ruan,3
朋,peng,2
服,fu,2
朎,ling,2
朏,fei,3
朐,qu,2
朒,nü,4
朓,tiao,3
朔,shuo,4
朕,zhen,4
㬶,hao,4
朖,lang,3
朗,lang,3
朘,juan,1
朚,huang,1
望,wang,4
㬸,tiao,1
䶼,cong,1
朜,tun,1
朝,zhao,1
朠,ying,1
𣎆,luo,4
朣,tong,2
朦,meng,2
木,mu,4
𣎳,pin,4
𣎴,dun,3
未,wei,4
末,mo,4
本,ben,3
札,zha,2
𣎵,po,1
㭁,reng,2
朱,zhu,1
朳,ba,1
朵,duo,3
朷,dao,1
朹,gui,3
朻,jiu,1
朽,xiu,3
朾,cheng,2
杅,yu,2
杇,wu,1
杈,cha,1
杉,shan,1
杌,wu,4
李,li,3
杏,xing,4
材,cai,2
村,cun,1
杒,ren,4
杓,biao,1
杔,tuo,1
杕,di,4
杖,zhang,4
杗,mang,2
杘,chi,4
杙,yi,4
杛,gong,1
杜,du,4
杝,yi,2
杞,qi,3
束,shu,4
杢,jie,2
杣,shan,1
杤,wan,4
杧,mang,2
𣏇,gong,1
𣏒,chou,2
㭉,hua,2
㭋,bang,4
㭌,mou,2
杪,miao,3
杫,si,4
杬,yuan,2
杭,hang,2
杮,fei,4
杯,bei,1
杲,gao,3
杳,yao,3
杴,xian,1
杵,chu,3
杶,chun,1
杷,pa,2
杸,shu,1
杻,chou,3
杼,zhu,4
杽,chou,3
松,song,1
板,ban,3
枂,wo,4
枃,jin,4
枇,pi,2
枉,wang,3
枊,ang,4
枋,fang,1
枌,fen,2
枍,yi,4
析,xi,1
枑,hu,4
枓,zhu,3
枔,xin,2
枕,zhen,3
枖,yao,1
林,lin,2
枘,rui,4
枙,e,3
枚,mei,2
枛,zhao,4
果,guo,3
枝,zhi,1
枟,yun,4
枡,dou,3
枤,di,4
𣏟,pai,4
㭕,qu,1
枮,xian,1
枯,ku,1
枰,ping,2
枱,si,4
枲,xi,3
枳,zhi,3
枴,guai,3
枵,xiao,1
架,jia,4
枷,jia,1
枸,gou,3
枹,bao,1
枻,yi,4
枼,ye,4
柀,bi,3
柁,tuo,2
柂,yi,2
柃,ling,2
柄,bing,3
柅,ni,3
柈,pan,2
柉,fan,2
柊,zhong,1
柋,dai,4
柌,ci,2
柍,ying,1
柎,fu,1
柏,bai,3
某,mou,3
柑,gan,1
柒,qi,1
染,ran,3
柔,rou,2
柖,shao,2
柘,zhe,4
柙,xia,2
柚,you,4
柝,tuo,4
柞,zuo,4
柡,yong,3
柢,di,3
柣,zhi,4
柤,zha,1
查,cha,2
柦,dan,4
柧,gu,1
柨,bu,4
柩,jiu,4
柫,fu,2
柬,jian,3
柮,duo,4
柯,ke,1
柰,nai,4
柱,zhu,4
柲,bi,4
柳,liu,3
柴,chai,2
柶,si,4
柷,chu,4
柸,pei,1
柾,jiu,4
柿,shi,4
栂,mei,2
栃,li,4
栐,yong,3
㭘,xia,2
㭠,xian,3
栒,xun,2
栓,shuan,1
栔,qi,4
栗,li,4
栘,yi,2
栚,zhen,4
栛,li,4
栜,se,4
栝,kuo,4
栟,bing,1
栠,ren,3
校,xiao,4
栥,zi,1
栨,ci,4
栩,xu,3
株,zhu,1
栫,jian,4
栭,er,2
栯,you,3
栱,gong,3
栲,kao,3
栳,lao,3
栴,zhan,1
栵,lie,4
核,he,2
根,gen,1
栺,yi,4
栻,shi,4
格,ge,2
栽,zai,1
桀,jie,2
桁,heng,2
桂,gui,4
桃,tao,2
桄,guang,1
桅,wei,2
案,an,4
桉,an,1
桊,juan,4
桋,yi,2
桌,zhuo,1
桎,zhi,4
桏,qiong,2
桐,tong,2
桑,sang,1
桓,huan,2
桔,jie,2
桕,jiu,4
桖,xue,4
桗,duo,4
𬂭,xiang,1
㭬,zhu,1
桫,suo,1
桬,sha,1
桭,zhen,1
桯,ting,1
桲,bo,2
桴,fu,2
桵,rui,2
桶,tong,3
桷,jue,2
桸,xi,1
桹,lang,2
桻,feng,1
桾,jun,1
梀,su,4
梂,qiu,2
梃,ting,3
梄,you,3
梅,mei,2
梆,bang,1
梇,long,4
梊,di,4
梌,tu,2
梍,zao,4
梎,ao,1
梏,gu,4
梐,bi,4
梑,di,2
梒,han,2
梓,zi,3
梗,geng,3
梚,wan,3
梛,nuo,2
梞,ji,4
梠,lü,3
梡,hun,2
梢,shao,1
梣,cen,2
梤,fen,2
梧,wu,2
梨,li,2
梩,li,2
梪,dou,4
梬,ying,3
梭,suo,1
梮,ju,1
梯,ti,1
械,xie,4
梱,kun,3
梳,shu,1
梴,chan,1
梶,wei,3
梽,zhi,4
㮂,ju,2
㮇,tian,4
㮈,nai,4
棅,bing,4
棇,cong,1
棈,qian,4
棉,mian,2
棋,qi,2
棌,cai,3
棍,gun,4
棏,de,2
棐,fei,3
棑,pai,2
棒,bang,4
棓,bang,4
棔,hun,1
棕,zong,1
棘,ji,2
棙,li,4
棚,peng,2
棜,yu,4
棠,tang,2
棢,wang,3
棣,di,4
棤,cuo,4
棦,cheng,1
棨,qi,3
棪,yan,3
棫,yu,4
棬,quan,1
棭,yi,4
森,sen,1
棯,ren,3
棰,chui,2
棳,zhuo,1
棴,fu,2
棵,ke,1
棷,zou,1
棸,zou,1
棺,guan,1
棻,fen,1
棼,fen,2
棽,chen,1
椄,jie,1
椅,yi,3
椆,zhou,4
椇,ju,3
椈,ju,2
椊,zuo,2
椋,liang,2
椌,qiang,1
植,zhi,2
椎,zhui,1
椐,ju,1
椑,pi,2
椒,jiao,1
椓,zhuo,2
椔,zi,1
椛,hua,1
椥,zhi,1
椩,geng,1
椪,peng,4
椬,yi,2
𣓏,jin,4
㮏,nai,4
㮓,gen,4
㮔,chong,4
㮕,ruan,3
㮝,he,2
㮟,nian,3
椳,wei,1
椴,duan,4
椵,jia,3
椷,jian,1
椸,yi,2
椹,zhen,1
椺,xi,2
椻,yan,4
椽,chuan,2
椿,chun,1
楀,yu,3
楁,he,2
楂,cha,2
楄,pian,2
楅,bi,1
楌,yan,2
楏,kui,2
楒,si,1
楔,xie,1
楖,zhi,4
楗,jian,4
楘,mu,4
楙,mao,4
楚,chu,3
楛,ku,3
楝,lian,4
楞,leng,2
楟,ting,2
楠,nan,2
楢,you,2
楣,mei,2
楤,song,3
楥,yuan,2
楦,xuan,4
楧,yang,3
楩,pian,2
楪,die,2
楫,ji,2
楬,jie,2
楮,chu,3
楯,shun,3
楰,yu,2
楱,zou,4
楴,ti,4
楶,jie,2
楷,jie,1
楸,qiu,1
楹,ying,2
楻,heng,2
概,gai,4
榃,tan,2
榆,yu,2
榔,lang,2
𣕂,deng,4
𣕫,zhuang,4
㮵,zhan,1
㮶,shuo,4
榊,shen,2
榍,xie,4
榎,jia,3
榏,yi,4
榑,fu,2
榓,mi,4
榕,rong,2
榖,gu,3
榗,jian,4
榙,ta,1
榛,zhen,1
榜,bang,3
榞,yuan,2
榠,ming,2
榡,su,4
榣,yao,2
榤,jie,2
榥,huang,4
榧,fei,3
榫,sun,3
榭,xie,4
榰,zhi,1
榱,cui,1
榳,ting,2
榴,liu,2
榵,rong,2
榶,tang,2
榷,que,4
榸,zhai,1
榹,si,1
榺,sheng,4
榻,ta,4
榼,ke,1
榽,xi,1
榾,gu,3
槁,gao,3
槃,pan,2
槄,tao,1
槅,ge,2
槆,xun,2
槈,nou,4
槉,ji,2
槊,shuo,4
槌,chui,2
槎,cha,2
槏,qian,3
槐,huai,2
槔,gao,1
槙,dian,1
𣖾,bei,4
𣗬,chou,4
㮾,lang,3
㯄,zhi,1
槢,xi,2
槥,hui,4
槦,yong,1
槬,hua,4
槭,qi,1
槯,cui,1
槱,you,3
槲,hu,2
槵,huan,4
槷,yi,4
槺,kang,1
槽,cao,2
槾,man,4
槿,jin,3
樀,di,2
樄,chen,2
樆,li,2
樈,qing,2
樊,fan,2
樋,tong,3
樎,su,4
樏,lei,3
樒,mi,4
樔,chao,2
樕,su,4
樖,ke,1
樗,chu,1
樘,tang,2
樚,lu,4
樛,jiu,1
樝,zha,1
樟,zhang,1
模,mo,2
樦,zhu,4
樧,sha,1
樨,xi,1
𪳤,zao,4
樵,qiao,2
樶,zui,1
樼,zhen,1
樽,zun,1
樾,yue,4
橁,chun,1
橄,gan,3
橇,qiao,1
橉,lin,4
橍,run,4
橎,fan,2
橏,zhan,3
橐,tuo,2
橔,dun,1
橕,cheng,1
橖,tang,2
橘,ju,2
橙,cheng,2
橛,jue,2
橝,dian,4
橠,nuo,3
橡,xiang,4
橦,tong,2
橧,zeng,1
橪,ran,3
橭,gu,1
𣙿,fei,4
𣚕,ye,4
𣚺,xiang,4
𣛕,chua,3
㯱,pao,1
㯲,jin,4
㯳,qing,2
橽,ta,4
橾,sao,1
橿,jiang,1
檀,tan,2
檃,yin,3
檄,xi,2
檈,xuan,2
檊,gan,4
檍,yi,4
檎,qin,2
檐,yan,2
檑,lei,2
檓,hui,3
檕,ji,4
檖,sui,4
檗,bo,4
檞,jie,3
檠,qing,2
檧,song,1
檨,she,1
㯼,ke,1
檫,cha,2
檬,meng,2
檴,huo,4
檵,ji,4
檹,yi,1
檺,gao,3
檼,yin,4
檽,nou,4
櫄,chun,1
櫆,kui,2
櫊,ge,1
𣝓,yan,3
㰀,li,2
㰁,luo,3
㰅,di,2
櫌,you,1
櫐,lei,3
櫑,lei,2
櫒,sa,4
櫔,li,4
櫖,lü,4
櫘,hui,4
櫙,ou,1
櫜,gao,1
櫡,zhuo,2
櫭,jie,2
櫶,xian,3
㰔,xie,4
櫼,jian,1
櫾,you,4
欀,xiang,1
欂,bo,2
欃,chan,2
𣟼,jiu,1
㰗,cu,4
欈,wei,2
欉,cong,1
𣡕,yan,4
欙,lei,2
欚,li,3
欛,ba,4
鿝,reng,2
𣡶,yan,2
𣡺,lei,3
𣡽,sha,1
𣡾,hu,1
欠,qian,4
次,ci,4
㰠,hang,1
㰡,xie,4
㰢,keng,1
欣,xin,1
欥,yi,4
欦,qian,1
欨,xu,1
欩,chao,1
欪,chu,4
𣢟,han,2
㰪,wa,2
欫,qi,4
欬,kai,4
欭,yi,4
欮,jue,2
欯,xi,4
欰,xu,4
欱,he,1
欲,yu,4
欳,kui,4
欴,lang,2
欶,shuo,4
欷,xi,1
欸,ai,1
欹,qi,1
欺,qi,1
欻,xu,1
欼,chi,3
款,kuan,3
欿,kan,3
歁,kan,3
歂,chuan,2
歃,sha,4
歅,yin,1
歆,xin,1
歇,xie,1
歈,yu,2
歉,qian,4
歊,xiao,1
歋,ye,2
歌,ge,1
歏,jin,4
歑,hu,1
歔,xu,1
歖,xi,3
歙,xi,1
歜,chu,4
歞,e,1
歠,chuo,4
㱎,kun,1
止,zhi,3
𣥂,ta,4
正,zheng,4
𣥃,wan,4
此,ci,3
步,bu,4
武,wu,3
歧,qi,2
歪,wai,1
歫,ju,4
歭,chi,2
歰,se,4
歱,zhong,3
歹,dai,3
死,si,3
𣦻,can,2
歽,zhe,2
歾,mo,4
殂,cu,2
殃,yang,1
殄,tian,3
殅,sheng,1
殆,dai,4
殈,xu,4
殉,xun,4
殊,shu,1
殌,jue,2
殍,piao,3
殎,qia,4
殏,qiu,2
殐,su,4
殑,qing,2
殔,yi,4
殕,fou,3
殖,zhi,2
殗,ye,4
殙,hun,1
殛,ji,2
殜,die,2
殝,zhen,1
殟,wen,1
殣,jin,3
殦,diao,1
㱶,peng,2
殧,cu,4
殩,cuan,4
殪,yi,4
鿞,rie,4
殳,shu,1
段,duan,4
殶,zhu,4
㱿,que,4
殸,keng,1
殹,yi,4
殿,dian,4
𣪠,ji,1
毅,yi,4
毇,hui,3
毈,duan,4
㲉,que,4
毉,yi,1
𣫙,yi,4
毋,wu,2
毌,guan,4
母,mu,3
每,mei,3
毐,ai,3
毑,jie,3
毒,du,2
毓,yu,4
𪵔,jing,1
比,bi,3
㲋,chuo,4
毖,bi,4
毗,pi,2
𣬉,pi,2
𪵕,dao,3
毚,chan,2
毛,mao,2
㲌,neng,4
毜,hao,2
㲎,lou,2
毞,pi,2
毠,jia,1
毢,sai,1
毣,mu,4
毤,tuo,4
毥,xun,2
毦,er,3
毨,xian,3
毪,mu,2
㲚,sha,1
毫,hao,2
毭,dou,4
𣭲,rong,3
㲞,su,1
毯,tan,3
毰,pei,2
毱,ju,2
毲,duo,2
毳,cui,4
𣮈,qu,1
㲡,nai,4
毷,mao,4
毸,sai,1
毻,tuo,4
毼,he,2
毽,jian,4
毾,ta,4
㲪,deng,1
氃,tong,2
氄,rong,3
氅,chang,3
氆,pu,3
氉,zao,4
氋,meng,2
氍,qu,2
㲲,die,2
氏,shi,4
氐,di,1
民,min,2
氓,mang,2
㲳,die,2
氕,pie,1
氖,nai,3
氘,dao,1
氙,xian,1
氚,chuan,1
㲴,zhong,4
氛,fen,1
氜,ri,4
氝,nei,4
𰚼,yun,2
氟,fu,2
氠,shen,1
氡,dong,1
氤,yin,1
氥,xi,1
氦,hai,4
氧,yang,3
氨,an,1
氪,ke,4
氮,dan,4
氯,lü,4
氱,yang,3
𣱧,zhong,4
鿫,ao,4
𰛄,pai,4
𰛅,lai,4
水,shui,3
氵,shui,3
𣱱,cha,2
㲸,xi,1
氶,zheng,3
永,yong,3
氹,dang,4
㲺,ji,2
㲼,yi,4
氻,le,4
氾,fan,2
氿,gui,3
汀,ting,1
汁,zhi,1
求,qiu,2
汃,bin,1
汆,cuan,1
汈,diao,1
𣱶,bu,3
𣱼,dao,1
汊,cha,4
汋,zhuo,2
汌,chuan,4
汍,wan,2
汏,dai,4
汑,tuo,1
汔,qi,4
汕,shan,4
汗,han,4
汘,qian,1
汛,xun,4
汜,si,4
汝,ru,3
汞,gong,3
江,jiang,1
池,chi,2
污,wu,1
汣,jiu,3
汷,zhong,1
㳁,ze,4
㳇,fu,4
汥,zhi,1
汦,zhi,3
汧,qian,1
汨,mi,4
汩,gu,3
汪,wang,1
汫,jing,3
汭,rui,4
汮,jun,1
汯,hong,2
汰,tai,4
汱,quan,3
汲,ji,2
汳,bian,4
汴,bian,4
汶,wen,4
汻,hang,3
汼,niu,2
汽,qi,4
汾,fen,2
汿,xu,4
沁,qin,4
沂,yi,2
沃,wo,4
沅,yuan,2
沆,hang,4
沇,yan,3
沉,chen,2
沊,dan,4
沋,you,2
沌,dun,4
沍,hu,4
沏,qi,1
沐,mu,4
沑,nü,4
沓,ta,4
沔,mian,3
沕,wu,4
沘,bi,3
沙,sha,1
沚,zhi,3
沛,pei,4
沜,pan,4
沝,zhui,3
沞,za,1
沠,liu,2
𣲩,pa,2
㳌,ya,1
㳏,shi,4
沫,mo,4
沬,hui,4
沭,shu,4
沮,ju,3
沯,za,2
沰,tuo,1
沱,tuo,2
沲,duo,4
河,he,2
沴,li,4
沶,yi,2
沷,fa,1
沸,fei,4
油,you,2
沺,tian,2
治,zhi,4
沼,zhao,3
沽,gu,1
沾,zhan,1
沿,yan,2
泂,jiong,3
泃,Ju,1
泅,qiu,2
泆,yi,4
泉,quan,2
泊,bo,2
泋,hui,4
泌,mi,4
泎,ze,2
泏,zhu,2
泐,le,4
泑,you,1
泒,gu,1
泓,hong,2
泔,gan,1
法,fa,3
泖,mao,3
泗,si,4
泙,ping,2
泛,fan,4
泜,zhi,1
泠,ling,2
泡,pao,1
波,bo,1
泣,qi,4
泥,ni,2
泦,ju,2
泫,xuan,4
泬,jue,2
泮,pan,4
泯,min,3
泰,tai,4
泱,yang,1
泲,ji,3
泳,yong,3
泹,dan,3
𣲶,niu,3
𣲷,ni,4
㳘,chong,1
㳚,xu,4
泚,ci,3
泿,yin,2
洀,pan,2
洂,ye,4
洃,hui,1
洄,hui,2
洅,zai,4
洆,cheng,2
洇,yin,1
洈,wei,2
洉,hou,4
洊,jian,4
洋,yang,2
洌,lie,4
洎,ji,4
洏,er,2
洐,xing,2
洑,fu,2
洓,se,4
洔,zhi,3
洕,yin,4
洗,xi,3
洘,kao,3
洙,zhu,1
洚,jiang,4
洛,luo,4
洝,an,4
洞,dong,4
洟,ti,4
洢,yi,1
洣,Mi,3
洤,quan,2
津,jin,1
洦,po,4
洧,wei,3
洨,xiao,2
洪,hong,2
洫,xu,4
洭,kuang,1
洮,tao,2
洯,qie,4
洰,ju,4
洱,er,3
洲,zhou,1
洳,ru,4
洴,ping,2
洵,xun,2
洷,zhi,4
洸,guang,1
洹,huan,2
洺,ming,2
活,huo,2
洽,qia,4
派,pai,4
洿,wu,1
浀,qu,1
流,liu,2
浂,yi,4
𣴓,jian,4
㳦,xie,4
㳬,xuan,2
㳳,ke,4
洖,wu,2
浖,lie,4
浗,qiu,2
浘,wei,3
浙,zhe,4
浚,jun,4
浛,han,4
浜,bang,1
浝,mang,2
浞,zhuo,2
浟,you,2
浠,xi,1
浡,bo,2
浢,dou,4
浤,hong,2
浥,yi,4
浦,pu,3
浧,ying,3
浨,lan,3
浩,hao,4
浪,lang,4
浫,han,3
浬,li,3
浭,geng,1
浮,fu,2
浯,wu,2
浰,lian,4
浲,feng,2
浳,yi,4
浴,yu,4
浵,tong,2
浶,lao,2
海,hai,3
浸,jin,4
浺,chong,1
浻,jiong,3
浼,mei,3
浽,sui,1
浾,cheng,1
涀,xian,4
涃,kun,4
涄,ping,1
涅,nie,4
涆,han,4
消,xiao,1
涉,she,4
涊,nian,3
涍,xiao,4
涎,xian,2
涏,ting,3
涐,e,2
涑,su,4
涒,tun,1
涓,juan,1
涔,cen,2
涕,ti,4
涖,li,4
涗,shui,4
涘,si,4
涥,heng,1
𣴣,zhuang,4
㳾,qiang,1
㴁,yi,4
㴇,mang,2
㴎,nai,4
涪,fu,2
涫,guan,4
涬,xing,4
涭,shou,4
涮,shuan,4
涯,ya,2
涱,zhang,4
涳,kong,1
涴,wo,4
涵,han,2
涶,tuo,1
涸,he,2
涹,wo,1
涺,ju,1
涻,she,4
涽,hun,1
涾,ta,4
涿,zhuo,1
淁,qie,4
淂,de,2
淃,juan,4
淄,zi,1
淅,xi,1
淇,qi,2
淈,gu,3
淉,guo,3
淊,yan,1
淋,lin,2
淌,tang,3
淍,zhou,1
淎,peng,3
淏,hao,4
淐,chang,1
淓,fang,1
淔,zhi,2
淕,lu,4
淖,nao,4
淘,tao,2
淙,cong,2
淜,ping,2
淝,fei,2
淞,song,1
淟,tian,3
淠,pi,4
淡,dan,4
淢,yu,4
淣,ni,2
淤,yu,1
淦,gan,4
淫,yin,2
淬,cui,4
淭,qu,2
淮,huai,2
淯,yu,4
淰,nian,3
深,shen,1
淲,biao,1
淳,chun,2
淴,hu,1
混,hun,4
淹,yan,1
添,tian,1
淽,zhi,3
渀,ben,4
渄,fei,1
清,qing,1
渒,pai,4
渚,zhu,3
湴,ban,4
𣵷,han,2
𣵻,tuo,2
㴔,xi,1
㴛,zhi,4
渃,ruo,4
渘,rou,2
渜,nuan,3
渝,yu,2
渞,qiu,2
渟,ting,2
渠,qu,2
渡,du,4
渣,zha,1
渤,bo,2
渥,wo,4
渧,di,4
渨,wei,1
渫,xie,4
渭,wei,4
港,gang,3
渰,yan,3
渱,hong,2
渲,xuan,4
渳,mi,3
渴,ke,3
渵,mao,2
渶,ying,1
游,you,2
渹,hong,1
渺,miao,3
渻,sheng,3
渼,mei,3
渽,zai,1
渿,nai,4
湀,gui,3
湁,chi,4
湂,e,4
湃,pai,4
湄,mei,2
湅,lian,4
湆,qi,4
湈,mei,2
湉,tian,2
湍,tuan,1
湎,mian,3
湏,hui,4
湑,xu,3
湒,ji,2
湓,pen,2
湔,jian,1
湕,jian,3
湖,hu,2
湗,feng,4
湘,Xiang,1
湙,yi,4
湚,yin,4
湛,zhan,4
湜,shi,2
湝,jie,1
湟,huang,2
湠,tan,4
湡,yu,2
湢,bi,4
湣,min,3
湤,shi,1
湥,tu,1
湦,sheng,1
湨,ju,2
湩,dong,4
湪,tuan,4
湫,qiu,1
湭,qiu,2
湰,long,2
湱,huo,4
湲,yuan,2
湳,nan,3
湵,you,3
湶,quan,2
湷,zhuang,1
湸,liang,4
溉,gai,4
滋,zi,1
鿿,ying,1
㴧,xi,1
㴵,mi,4
溍,jin,4
溎,gui,4
溏,tang,2
源,yuan,2
溑,suo,3
溒,yuan,2
溓,lian,2
溔,yao,3
溗,cheng,2
溘,ke,4
溙,tai,4
溚,da,2
溛,wa,1
溜,liu,1
溞,sao,1
溟,ming,2
溠,zha,4
溢,yi,4
溣,lun,4
溥,pu,3
溧,li,4
溩,wu,4
溪,xi,1
溭,ze,2
溯,su,4
溱,zhen,1
溲,sou,1
溴,xiu,4
溵,yin,1
溶,rong,2
溷,hun,4
溸,su,4
溹,suo,4
溺,ni,4
溻,ta,1
溽,ru,4
溾,ai,1
溿,pan,4
滀,chu,4
滁,chu,2
滂,pang,1
滃,weng,3
滆,ge,2
滇,Dian,1
滈,hao,4
滉,huang,4
滊,xi,4
滍,zhi,4
滏,fu,3
滐,jie,2
滑,hua,2
滒,ge,1
滓,zi,3
滔,tao,1
滕,teng,2
滖,sui,1
滘,jiao,4
滜,hao,4
滧,yao,2
漓,li,2
㵀,zu,2
㵃,she,2
㵆,hao,4
滫,xiu,3
滮,biao,1
滰,jiang,4
滱,kou,4
滳,shang,1
滴,di,1
滵,mi,4
滶,ao,2
滹,hu,1
滼,fan,4
滽,yong,1
漀,qing,3
漂,piao,1
漃,ji,2
漅,chao,2
漆,qi,1
漇,xi,3
漈,ji,4
漉,lu,4
漌,jin,3
漏,lou,4
漒,qiang,2
演,yan,3
漕,cao,2
漖,jiao,4
漗,cong,1
漘,chun,2
漛,teng,2
漜,ye,3
漝,xi,2
漞,mi,4
漟,tang,2
漠,mo,4
漤,lan,3
漥,wa,1
漨,feng,2
漩,xuan,2
漪,yi,1
漫,man,4
漭,mang,3
漮,kang,1
漯,luo,4
漰,peng,1
漱,shu,4
漳,zhang,1
漴,chong,2
漵,xu,4
漶,huan,4
漷,huo,3
漹,yan,1
漺,shuang,3
漻,liao,2
漼,cui,3
漾,yang,4
潀,zong,3
潌,zhi,4
𣻏,jiao,1
𣻕,mo,2
㵊,na,4
㵐,jue,2
㵓,shi,2
㵘,man,4
漋,long,2
漽,ti,2
潎,pi,4
潏,yu,4
潐,jiao,4
潒,xiang,4
潓,hui,4
潖,pa,2
潗,ji,2
潘,pan,1
潝,xi,1
潞,lu,4
潟,xi,4
潠,xun,4
潡,dun,4
潢,huang,2
潥,su,4
潦,liao,2
潨,cong,2
潩,yi,4
潪,zhi,2
潫,wan,1
潭,tan,2
潮,chao,2
潱,ye,1
潲,shao,4
潳,tu,2
潵,san,4
潶,hei,1
潸,shan,1
潺,chan,2
潻,shu,3
潼,tong,2
潽,pu,1
潾,lin,2
澃,jiong,3
澄,cheng,2
澈,che,4
澉,gan,3
澊,cun,1
澋,hong,4
澌,si,1
澍,shu,4
澎,peng,1
澓,fu,2
澔,hao,4
㵭,zhu,3
㵮,chun,2
澞,yu,2
澡,zao,3
澥,xie,4
澧,li,3
澨,shi,4
澪,ling,2
澭,yong,1
澯,can,4
澲,ye,4
澳,ao,4
澴,huan,2
澵,zhen,1
澶,chan,2
澷,man,4
澸,dan,3
澹,dan,4
澺,yi,4
澻,sui,4
澼,pi,4
澽,ju,4
澿,qin,2
激,ji,1
濂,lian,2
濈,ji,2
濉,sui,1
濋,chu,3
濌,ta,4
濍,song,1
濎,ding,3
濏,se,4
濓,lian,2
濖,shu,4
𣿉,yi,4
㵴,cang,2
㵵,zou,4
㵶,zuo,1
濗,mi,4
濝,qi,2
濞,pi,4
濠,hao,2
濡,ru,2
濢,zui,3
濣,wo,4
濥,yin,3
濦,yin,3
濨,ci,2
濩,huo,4
濪,qing,4
濬,jun,4
濭,ai,3
濮,Pu,2
濯,zhuo,2
濲,gu,3
濷,fei,4
濸,cang,1
㶀,jiao,1
㶁,guo,2
濽,zan,4
瀀,you,1
瀁,yang,4
瀊,pan,2
瀌,biao,1
瀍,chan,2
瀎,mo,4
瀑,pu,4
瀔,gu,3
瀖,huo,4
瀗,xian,4
瀚,han,4
瀛,ying,2
瀜,rong,2
瀞,jing,4
瀡,sui,3
瀣,xie,4
瀤,huai,2
瀪,fan,2
瀫,hu,2
瀮,lian,2
瀱,ji,4
瀵,fen,4
瀶,lin,2
瀷,yi,4
瀸,jian,1
瀹,yue,4
瀺,chan,2
瀻,dai,4
瀼,rang,2
瀽,jian,3
瀿,fan,2
灀,shuang,4
𤃭,jiao,3
㶓,cang,2
灂,zhuo,2
灅,lei,3
灈,qu,2
灉,yong,1
灊,qian,2
灌,guan,4
灖,mi,3
灗,shan,4
灚,jiao,3
灛,chan,3
㶞,nang,3
㶟,lei,3
灞,ba,4
灢,nang,3
㶠,yi,4
灥,xun,2
灦,xian,3
灪,yu,4
𤆀,biao,1
火,huo,3
灰,hui,1
灱,xiao,1
炇,pu,1
㶥,gan,1
灴,hong,2
灶,zao,4
灷,zhuan,4
灸,jiu,3
灹,zha,4
灺,xie,4
灼,zhuo,2
𤆜,gua,4
炂,zhong,1
炃,ben,4
炄,niu,3
炅,jiong,3
炆,wen,2
炈,yi,4
炊,chui,1
炋,pi,1
炍,pan,4
炎,yan,2
炐,pang,4
炑,mu,4
炒,chao,3
炓,liao,4
炕,kang,4
炘,xin,1
炙,zhi,4
炞,bian,1
𤆤,zhen,4
𤆬,chua,1
𤆴,huang,1
𤆺,kong,3
㶫,liao,3
㶭,you,3
㶲,yong,4
炟,da,2
炠,xia,2
炡,zheng,1
炢,zhu,2
炣,ke,3
炥,fu,2
炦,ba,2
炩,ling,4
炪,zhuo,1
炫,xuan,4
炬,ju,4
炭,tan,4
炮,pao,4
炯,jiong,3
炰,pao,2
炱,tai,2
炳,bing,3
炴,yang,3
炵,tong,1
炶,shan,3
炷,zhu,4
炸,zha,4
炻,shi,2
炾,huang,3
烀,hu,1
㶷,xu,1
烄,jiao,3
烅,xu,4
烆,heng,2
烇,quan,3
烈,lie,4
烊,yang,2
烋,xiao,1
烌,xiu,1
烍,xian,3
烎,yin,2
烐,zhou,1
烑,yao,2
烒,shi,4
烓,wei,1
烔,tong,2
烕,mie,4
烗,kai,4
烘,hong,1
烙,lao,4
烚,xia,2
烜,xuan,3
烝,zheng,1
烞,po,4
烠,hui,2
烢,che,4
烤,kao,3
烯,xi,1
烰,fu,2
烲,xie,4
烳,pu,3
烵,zhuo,2
烶,ting,3
烷,wan,2
烸,hai,3
烹,peng,1
烺,lang,3
烻,yan,4
烼,xu,4
烽,feng,1
烿,rong,2
焀,hu,2
焁,xi,1
焂,shu,1
焃,he,4
焄,xun,1
焅,ku,4
焆,juan,1
焇,xiao,1
焉,yan,1
焊,han,4
焋,zhuang,4
焌,qu,1
焍,di,4
焐,wu,4
焓,han,2
焗,ju,2
𤈦,hui,3
㷄,hui,3
㷅,chao,3
㷉,wei,4
焙,bei,4
焚,fen,2
焜,kun,1
焝,hun,4
焞,tun,1
焟,xi,1
焢,hong,1
焣,ju,4
焥,wo,4
焦,jiao,1
焨,feng,4
焩,ping,2
焪,qiong,2
焫,ruo,4
焬,xi,1
焮,xin,4
焯,chao,1
焰,yan,4
焱,yan,4
焲,yi,4
焴,yu,4
焵,gang,4
然,ran,2
焷,pi,2
焸,gu,3
焺,sheng,1
焻,chang,4
焾,nian,3
煀,wei,0
煮,zhu,3
㮡,guan,4
煁,chen,2
煂,he,4
煃,kui,3
煄,zhong,3
煅,duan,4
煆,xia,1
煊,xuan,1
煋,xing,1
煌,huang,2
煍,jiao,3
煎,jian,1
煏,bi,4
煐,ying,1
煓,tuan,1
煔,shan,3
煘,chan,2
煚,jiong,3
煜,yu,4
煝,mei,4
煞,sha,1
煟,wei,4
煠,ye,4
煣,rou,3
煤,mei,2
煦,xu,3
照,zhao,4
煨,wei,1
煪,qiu,2
煯,jie,1
煰,zao,4
煲,bao,1
煳,hu,2
煵,nan,3
煶,shi,4
煸,bian,1
𤊶,la,4
𤊽,liao,4
㷟,tui,4
㷠,lin,2
㷣,xing,1
煛,jiong,3
煹,gou,4
煻,tang,2
煽,shan,1
煾,en,1
煿,bo,2
熀,huang,3
熁,xie,2
熃,wu,4
熆,he,2
熇,he,4
熊,xiong,2
熋,nai,2
熎,yao,4
熐,mi,4
熑,lian,2
熓,wu,3
熔,rong,2
熘,liu,1
熙,xi,1
蒸,zheng,1
㷫,qing,3
熛,biao,1
熜,zong,3
熝,ao,1
熠,yi,4
熢,peng,2
熣,sui,1
熤,yi,4
熥,teng,1
熧,zong,1
熨,yun,4
熩,hu,4
熪,yi,2
熬,ao,2
熭,wei,4
熮,liu,3
熯,han,4
熳,man,4
熵,shang,1
㷳,yan,4
熷,zeng,1
熸,jian,1
熹,xi,1
熺,xi,1
熻,xi,1
熼,yi,4
熽,xiao,4
燂,tan,2
燃,ran,2
燅,xun,2
燊,shen,1
燋,jiao,1
燍,si,1
燎,liao,2
燏,yu,4
燔,fan,2
燕,yan,4
燚,yi,4
燝,zhu,3
燞,jiao,3
燠,yu,4
燢,xue,2
燣,lan,2
燤,tai,4
燥,zao,4
燧,sui,4
燨,xi,1
燩,que,4
燮,xie,4
燱,yi,4
燷,lan,2
𤐔,tan,2
𤐙,bi,4
𤐣,ding,3
燸,ru,2
燹,xian,3
爀,he,4
爂,biao,1
𤐩,kai,4
𤐫,biao,1
㸆,kao,4
爅,mo,4
爆,bao,4
爇,ruo,4
爈,lü,2
爉,la,4
爊,ao,1
㸌,huo,4
爑,jue,2
爒,liao,3
爘,can,1
爙,rang,3
爚,yue,4
爜,cong,2
爝,jue,2
爞,chong,2
爟,guan,4
爠,qu,2
爡,che,4
爢,mi,2
爦,lan,3
爨,cuan,4
爩,yu,4
爪,zhua,3
爫,zhao,3
㸒,yin,2
爬,pa,2
爮,pao,2
爰,yuan,2
𤔔,luan,4
𤔙,shua,3
爵,jue,2
𤕇,sou,3
父,fu,4
爸,ba,4
㸖,qu,1
𤕒,ge,3
㸗,tong,2
爹,die,1
㸙,zhe,1
爻,yao,2
㸚,li,3
𤕠,shu,1
爽,shuang,3
爿,pan,2
牁,ke,1
牂,zang,1
㸜,kong,4
牄,qiang,1
片,pian,4
版,ban,3
牉,pan,4
牊,chao,2
牌,pai,2
𤗈,xie,4
牏,yu,2
牑,bian,1
牒,die,2
牔,bo,2
牖,you,3
㸣,ye,4
牙,ya,2
𤘅,ya,2
𬌗,he,2
牚,cheng,4
牛,niu,2
㸨,jiu,1
牝,pin,4
牞,jiu,1
牟,mou,2
㸩,an,1
㸪,chun,2
牡,mu,3
牢,lao,2
牣,ren,4
牤,mang,1
㸬,bei,4
㸭,ba,1
㸮,fen,2
㸯,ke,1
牥,fang,1
牧,mu,4
牨,gang,1
物,wu,4
牪,yan,4
牫,ge,1
牬,bei,4
㸰,tuo,2
㸱,tuo,2
㸳,ling,2
牭,si,4
牮,jian,4
牯,gu,3
牰,you,4
牱,ge,1
牲,sheng,1
牳,mu,3
㸵,gui,3
㸶,yan,1
㸷,shi,4
㸸,hou,3
牶,quan,4
牷,quan,2
牸,zi,4
特,te,4
㸹,lie,4
㸺,sha,1
㸻,si,4
㸼,feng,1
㸽,bei,4
㸾,ren,4
㹀,bo,2
牻,mang,2
牾,wu,2
牿,gu,4
犁,li,2
𤙭,fu,3
㹁,liang,2
㹃,fei,4
犀,xi,1
犃,pou,3
犄,ji,1
犆,zhi,2
犇,ben,1
犈,quan,2
犉,chun,2
犋,ju,4
㹆,hui,1
㹇,he,2
㹈,li,2
犌,jia,1
犍,jian,1
犎,feng,1
犏,pian,1
犐,ke,1
犑,ju,2
㹄,ji,4
㹉,yuan,2
㹋,xiu,1
犒,kao,4
犔,xi,4
犕,bei,4
犗,jie,4
㹌,chan,3
㹍,di,2
㹎,lei,2
㹏,jin,3
㹐,chong,2
犘,ma,2
犙,san,1
犚,wei,4
㹑,si,4
㹒,pu,3
犜,dun,1
犝,tong,2
犟,jiang,4
㹔,jiang,1
㹕,huan,1
㹖,huan,4
㹗,tao,1
犡,li,4
犣,lie,4
犥,piao,3
犦,bao,4
犨,chou,1
犩,wei,2
犪,kui,2
犫,chou,1
犬,quan,3
犭,quan,3
犮,ba,2
犯,fan,4
犰,qiu,2
犱,ji,3
犳,zhuo,2
犴,an,4
犵,jie,2
𤜡,hui,2
㹜,yin,2
犺,kang,4
犻,bo,2
犼,hou,3
犽,ya,2
犿,huan,1
狁,yun,3
狂,kuang,2
狃,niu,3
狄,di,2
狅,qing,1
狆,zhong,4
狇,mu,4
𤜵,yan,4
㹢,jia,1
狉,pi,1
狊,ju,2
狋,yi,2
狍,pao,2
狎,xia,2
狏,tuo,2
狐,hu,2
狑,ling,2
狒,fei,4
狓,pi,2
狔,ni,3
狕,ao,3
狖,you,4
狗,gou,3
狘,yue,4
狙,ju,1
狚,dan,4
狛,po,4
狜,gu,3
𤝕,mu,3
𤝞,chu,4
𪺹,nu,3
𱭶,ka,4
㹬,shi,3
狟,huan,2
狠,hen,3
狡,jiao,3
狣,zhao,4
狤,ji,2
狦,shan,1
狧,ta,4
狨,rong,2
狩,shou,4
狪,tong,2
狫,lao,3
𤝱,ye,4
㹱,que,4
㹲,xiao,1
㹳,wu,2
㹴,geng,1
狳,yu,2
狴,bi,4
狵,mang,2
狶,shi,3
狷,juan,4
狸,li,2
狺,yin,2
狻,suan,1
狼,lang,2
狾,zhi,4
狿,yan,2
猀,sha,1
猁,li,4
㹼,ju,2
㺀,hu,1
猄,jing,1
猅,pai,2
猆,fei,1
猇,xiao,1
猈,ba,4
猉,qi,2
猊,ni,2
猋,biao,1
猏,jian,1
猐,qiang,1
猑,kun,1
猓,guo,3
猔,zong,4
猖,chang,1
猗,yi,1
猘,she,1
猚,ya,2
猛,meng,3
猜,cai,1
猝,cu,4
㺄,yu,2
猢,hu,2
猣,zong,1
猤,gui,4
猥,wei,3
猦,feng,1
猩,xing,1
猭,chuan,1
猰,ya,4
猱,nao,2
猲,ge,2
猳,jia,1
猴,hou,2
猵,bian,1
猷,you,2
猸,mei,2
猹,zha,1
㺋,weng,1
猺,yao,2
猼,bo,2
猽,ming,2
猾,hua,2
猿,yuan,2
獀,sou,1
獃,dai,1
獆,hao,2
獈,yi,4
獉,zhen,1
𤠙,jia,1
𤠶,dian,1
㺐,zhao,3
㺒,xiao,1
獌,man,4
獍,jing,4
獐,zhang,1
獒,ao,2
獓,ao,2
獔,hao,2
獕,cui,1
㺔,hai,4
獋,gao,1
獗,jue,2
獙,bi,4
獚,huang,2
獛,pu,2
獜,lin,2
獝,yu,4
獞,tong,2
獠,liao,2
獡,que,4
𤡲,kai,1
獥,xi,2
獦,ge,2
獧,juan,4
獬,xie,4
獯,Xun,1
獳,nou,4
獴,meng,3
獶,nao,2
㺢,huo,4
㺦,lian,2
獽,rang,2
獾,huan,1
獿,nao,2
玃,jue,2
㺧,xiao,1
𤣟,Lan,3
玄,xuan,2
玆,zi,1
率,lü,4
玈,lu,2
王,wang,2
玉,yu,4
玊,su,4
玌,qiu,2
玍,ga,3
㺩,jiu,4
玎,ding,1
玏,le,4
玐,ba,1
玒,hong,2
玓,di,4
玕,gan,1
玖,jiu,3
玗,yu,2
玘,qi,3
㺱,reng,2
玞,fu,1
玟,wen,2
玠,jie,4
玡,ya,2
玢,bin,1
玤,bang,4
玥,yue,4
玦,jue,2
玧,men,2
玨,jue,2
玩,wan,2
玪,jian,1
玫,mei,2
玬,dan,3
玭,pin,2
鿱,ba,1
㺸,ping,2
玲,ling,2
玳,dai,4
玴,yi,4
玵,an,2
玶,ping,2
玷,dian,4
玸,fu,2
玹,xuan,2
玻,bo,1
玼,ci,3
玽,gou,3
玾,jia,3
玿,shao,2
珀,po,4
珂,ke,1
珄,sheng,1
珆,yi,2
珇,zu,3
珈,jia,1
珉,min,2
珊,shan,1
珋,liu,3
珌,bi,4
珍,zhen,1
㺿,yi,2
珓,jiao,4
珔,jian,4
珕,li,4
珖,guang,1
珗,xian,1
珘,zhou,1
珙,gong,3
珚,yan,1
珛,xiu,4
珜,yang,2
珞,luo,4
珠,zhu,1
珢,yin,2
珣,xun,2
珥,er,3
珦,xiang,4
珧,yao,2
珨,xia,2
珩,heng,2
珪,gui,1
珬,xu,4
班,ban,1
琉,liu,2
㻊,mang,2
㻍,wu,2
珵,cheng,2
珶,di,4
珸,wu,2
珺,jun,4
珽,ting,3
珿,chu,4
琀,han,2
琁,xuan,2
琂,yan,2
球,qiu,2
琅,lang,2
理,li,3
琇,xiu,4
琈,fu,2
琍,li,4
琓,wan,2
㻓,zou,1
珷,wu,3
琔,dian,4
琙,yu,4
琚,ju,1
琛,chen,1
琟,wei,2
琡,chu,4
琢,zhuo,2
琤,cheng,1
琥,hu,3
琦,qi,2
琧,e,4
琨,kun,1
琩,chang,1
琪,qi,2
琫,beng,3
琬,wan,3
琭,lu,4
琮,cong,2
琯,guan,3
琰,yan,3
琲,bei,4
琳,lin,2
琴,qin,2
琵,pi,2
琶,pa,2
㻞,bin,1
瑀,yu,3
瑁,mao,4
瑃,chun,1
瑄,xuan,1
瑅,ti,2
瑈,rou,2
瑊,jian,1
瑎,xie,2
瑏,chuan,1
瑑,zhuan,4
瑓,lian,4
瑕,xia,2
瑖,duan,4
瑘,ye,2
瑙,nao,3
瑚,hu,2
瑛,ying,1
瑜,yu,2
瑝,huang,2
瑞,rui,4
瑟,se,4
𤧛,di,4
瑢,rong,2
瑨,jin,4
瑬,liu,2
瑭,tang,2
瑰,gui,1
瑱,tian,4
瑳,cuo,3
瑴,jue,2
瑵,zhao,3
㻬,tu,1
瑹,shu,1
瑾,jin,3
瑿,yi,1
璀,cui,3
璁,cong,1
璂,qi,2
璃,li,2
璅,suo,3
璆,qiu,2
璇,xuan,2
璈,ao,2
璋,zhang,1
璏,wei,4
璐,lu,4
璑,wu,2
璒,deng,1
璖,qu,2
璘,lin,2
璙,liao,2
璚,qiong,2
璜,huang,2
璞,pu,2
璟,jing,3
璠,fan,2
璧,bi,4
璨,can,4
璩,qu,2
璪,zao,3
璭,gun,4
璱,se,4
璶,jin,4
璷,lu,2
璺,wen,4
瓁,wo,4
𤪌,qi,2
瓇,rou,2
瓋,bo,2
瓖,xiang,1
𤫉,xie,4
瓗,qiong,2
瓘,guan,4
瓙,dao,4
瓜,gua,1
瓝,bo,2
㼉,zhen,4
㼊,tun,2
㼋,gu,1
㼌,yu,3
瓞,die,2
瓟,bo,2
㼍,lei,3
㼎,bo,2
瓠,hu,4
㼏,nei,3
瓡,zhi,2
㼐,pian,2
㼑,lian,4
㼒,tang,3
㼓,lian,2
㼔,wen,1
瓢,piao,2
㼕,dang,1
瓣,ban,4
瓤,rang,2
瓥,li,4
㼖,li,4
瓦,wa,3
㼗,ting,2
㼘,wa,3
㼙,zhou,4
瓨,xiang,2
㼚,gang,1
瓪,ban,3
瓬,fang,3
瓭,dan,3
㼜,ang,4
㼞,peng,4
㼟,bo,2
㼠,tuo,2
瓳,hu,2
瓴,ling,2
瓵,yi,2
㼡,shu,1
㼢,yi,2
㼣,bo,2
㼤,qie,4
㼥,tou,3
㼦,gong,3
瓶,ping,2
瓷,ci,2
𬎩,fou,3
㼧,tong,2
㼨,han,2
㼩,cheng,2
㼪,jie,2
瓹,juan,1
瓺,chang,2
瓻,chi,1
㼫,huan,4
㼬,xing,4
㼭,dian,4
㼮,chai,1
㼯,dong,4
㼰,pi,2
瓽,dang,4
瓾,meng,3
瓿,bu,4
甀,zhui,4
𤭢,sui,4
㼵,di,4
甂,bian,1
甃,zhou,4
甄,zhen,1
甇,ying,1
甈,qi,4
甋,di,4
甍,meng,2
甏,beng,4
甐,lin,2
甑,zeng,4
甓,pi,4
㽉,xian,4
甗,yan,3
㽊,xie,4
甘,gan,1
甙,dai,4
甚,shen,4
甜,tian,2
㽎,tan,2
㽏,gan,4
生,sheng,1
𤯝,sheng,3
甡,sheng,1
甤,rui,2
甥,sheng,1
甧,sen,1
用,yong,4
甩,shuai,3
甪,lu,4
甫,fu,3
甬,yong,3
甭,beng,2
甮,feng,4
𤰈,bei,4
甯,ning,4
田,tian,2
由,you,2
甲,jia,3
申,shen,1
甴,zha,2
甶,fu,2
㽕,you,2
男,nan,2
甸,dian,4
甹,ping,1
町,ting,3
甼,ting,3
𠃫,shen,1
𤰚,la,2
𪽇,ke,1
甾,zi,1
甿,meng,2
畀,bi,4
畃,xun,2
㽘,gang,3
㽚,chi,4
畇,yun,2
畈,fan,4
畋,tian,2
界,jie,4
畎,quan,3
畏,wei,4
畐,fu,2
畑,tian,2
畓,quan,2
畔,pan,4
畕,jiang,1
畖,wa,1
留,liu,2
畚,ben,3
畛,zhen,3
畜,xu,4
畟,ce,4
畤,zhi,4
略,lüe,4
畦,qi,2
㽠,xia,2
番,fan,1
畬,yu,2
畭,yu,2
畯,jun,4
畲,she,1
㽤,ju,2
畷,zhui,4
畸,ji,1
畹,wan,3
𤲑,zhu,3
畾,lei,2
畿,ji,1
疀,cha,1
疃,tuan,3
疄,lin,2
疆,jiang,1
疈,pi,4
㽯,xi,2
疋,shu,1
疌,jie,2
疏,shu,1
㽰,shu,4
疐,zhi,4
疑,yi,2
𤴡,di,4
疒,chuang,2
㽱,jiao,3
疓,nai,3
疔,ding,1
疕,bi,3
𤴦,jiu,1
疙,yi,4
疚,jiu,4
疛,zhou,3
疜,xia,4
疝,shan,4
疢,chen,4
疣,you,2
疤,ba,1
疥,jie,4
疦,jue,2
疧,qi,2
疨,ya,3
疫,yi,4
𤵒,wen,2
㾀,qie,4
㾁,shu,4
疰,zhu,4
疲,pi,2
疳,gan,1
疵,ci,1
疶,xue,1
疷,zhi,1
疸,dan,3
疹,zhen,3
疻,zhi,3
疼,teng,2
疽,ju,1
疾,ji,2
痀,ju,1
痁,shan,1
痂,jia,1
痃,xuan,2
痄,zha,4
病,bing,4
症,zheng,4
㾏,jie,4
痊,quan,2
痋,teng,2
痌,tong,1
痍,yi,2
痎,jie,1
痏,wei,3
痑,tan,1
痓,chi,4
痔,zhi,4
痕,hen,2
𤵽,hai,4
㾓,yuan,1
痗,mei,4
痘,dou,4
痚,xiao,1
痛,tong,4
痝,mang,2
痞,pi,3
痟,xiao,1
痠,suan,1
痡,pu,1
痢,li,4
痣,zhi,4
痤,cuo,2
痥,duo,2
痦,wu,4
痧,sha,1
𤶘,hu,1
㾥,chu,4
痯,guan,3
痰,tan,2
痱,fei,4
痳,lin,2
痴,chi,1
痵,ji,4
痸,chi,4
痼,gu,4
痿,wei,3
瘀,yu,1
瘁,cui,4
瘃,zhu,2
㾪,sheng,3
㾮,huang,2
㾯,hui,1
㾴,zha,1
瘈,zhi,4
瘊,hou,2
瘌,la,4
瘎,chen,2
瘏,tu,2
瘐,yu,3
瘒,wen,2
瘔,ku,4
瘕,jia,3
瘖,yin,1
瘟,wen,1
𤸁,hui,4
𤸎,ke,3
㾶,gu,3
㾷,xi,1
㾹,chai,2
瘛,chi,4
瘝,guan,1
瘠,ji,2
瘢,ban,1
瘤,liu,2
瘥,cuo,2
瘦,shou,4
瘨,chen,1
瘩,da,0
𤸬,shuai,1
㿃,dai,3
瘭,biao,1
瘯,cu,4
瘰,luo,3
瘳,chou,1
瘴,zhang,4
瘵,zhai,4
瘶,sou,4
瘸,que,2
瘹,diao,4
瘼,mo,4
瘽,qin,2
癊,ai,2
癀,huang,2
癍,ban,1
𤺊,xi,1
𤺪,shan,4
㿋,sao,4
癑,nong,4
癔,yi,4
癗,lei,3
癙,shu,3
癜,dian,4
癪,ji,1
癯,qu,2
癶,bo,1
癸,gui,3
癹,ba,2
登,deng,1
白,bai,2
百,bai,3
癿,qie,2
皀,ji,2
皂,zao,4
的,di,4
皅,pa,1
皆,jie,1
皇,huang,2
畠,tian,2
皉,ci,3
皊,ling,2
皋,gao,1
㿠,huang,4
皎,jiao,3
皓,hao,4
皔,han,4
皕,bi,4
皖,Wan,3
皗,chou,2
皘,qian,4
皙,xi,1
皛,xiao,3
皝,huang,4
皞,hao,4
皠,cui,3
皢,xiao,3
皣,ye,4
皤,po,2
皦,jiao,3
皫,piao,3
皭,cu,3
皮,pi,2
皯,gan,3
𤿎,pi,1
𤿙,pi,2
皴,cun,1
皵,que,4
皶,zha,1
㿸,wan,3
皻,zha,1
皽,zhao,1
𥀺,xie,4
皿,min,3
盂,yu,2
㿽,xi,1
盅,zhong,1
盆,pen,2
盈,ying,2
㿾,zhu,4
㿿,ya,3
䀀,fan,4
盉,he,2
益,yi,4
盍,he,2
盎,ang,4
𥁕,wen,1
䀁,you,4
䀂,an,1
盒,he,2
盓,yu,1
盔,kui,1
盛,cheng,2
䀃,tui,2
䀅,she,4
盝,lu,4
盟,meng,2
盠,li,2
盢,xu,4
䀇,gu,3
盥,guan,4
盦,an,1
盩,zhou,1
盬,gu,3
䀊,jiao,3
盭,li,4
𥃣,kai,3
目,mu,4
盯,ding,1
䀐,shan,1
盰,gan,4
盱,xu,1
盲,mang,2
直,zhi,2
盵,qi,4
䀚,ang,2
盶,yuan,3
盷,tian,2
相,xiang,1
盹,dun,3
盻,xi,4
盼,pan,4
盾,dun,4
盿,min,2
眀,ming,2
省,sheng,3
眄,mian,3
眅,pan,1
眆,fang,3
眇,miao,3
眈,dan,1
眉,mei,2
眊,mei,4
看,kan,4
𥄉,jiao,1
𥄎,xue,4
𥄕,mo,4
𪛟,wang,4
䀟,fu,2
䀠,ju,4
䀦,gu,3
眏,yang,1
眑,yao,3
眒,shen,1
眔,da,4
眕,zhen,3
眗,ju,1
眙,chi,4
眚,sheng,3
眛,mei,4
眜,mo,4
真,zhen,1
眠,mian,2
眢,yuan,1
眣,die,2
眧,chao,3
眨,zha,3
眩,xuan,4
𥄲,mie,2
𥅘,zhen,3
䀫,jia,2
眭,hui,1
眮,tong,2
眱,di,4
眳,ming,2
眴,xuan,4
眵,chi,1
眷,juan,4
眸,mou,2
眹,zhen,4
眺,tiao,4
眻,yang,2
眼,yan,3
眽,mo,4
𥅻,chong,4
䀰,gu,3
睃,jun,4
睄,shao,4
睅,han,4
睆,huan,3
睇,di,4
睈,cheng,3
睉,cuo,2
睊,juan,4
睋,e,2
睌,mian,3
睎,xi,1
鿃,shan,3
𥆞,juan,4
䁆,ye,4
睒,shan,3
睖,leng,4
睘,qiong,2
睚,ya,2
睛,jing,1
睝,li,2
睟,sui,4
睢,sui,1
督,du,1
睥,pi,4
睦,mu,4
睨,ni,4
睩,lu,4
睫,jie,2
睬,cai,3
睭,zhou,3
䁌,yu,4
䁍,qia,4
䁎,cheng,2
䁏,yao,3
䁐,ying,1
䁒,ji,2
睡,shui,4
睮,yu,2
睯,hun,1
睰,ma,4
睱,xia,4
睲,xing,3
睳,xi,1
睵,zai,1
睹,du,3
睺,hou,2
睼,tian,4
睽,kui,2
瞀,mao,4
瞁,xu,4
瞂,fa,2
瞄,miao,2
瞅,chou,3
𥈬,ou,1
瞈,weng,3
瞉,kou,4
瞋,chen,1
瞌,ke,1
瞍,sou,3
瞎,xia,1
瞐,mo,4
瞑,ming,2
𥉖,wei,4
𥉳,liu,1
瞙,mo,4
瞟,piao,3
瞠,cheng,1
瞢,meng,2
瞥,pie,1
瞦,liao,4
瞧,qiao,2
瞪,deng,4
瞫,shen,3
瞬,shun,4
瞰,kan,4
瞲,xu,4
瞳,tong,2
瞵,lin,2
瞻,zhan,1
瞽,gu,3
瞿,ju,4
矂,sao,4
矆,huo,4
䁽,lie,4
䁾,mie,4
矍,jue,2
矎,xuan,1
䁿,mo,4
矐,huo,4
矒,meng,2
矔,guan,4
𥍉,she,4
矗,chu,4
矛,mao,2
䂆,xu,4
𥍞,nü,4
䂇,nang,2
矜,jin,1
矞,yu,4
矟,shuo,4
矠,ze,2
矢,shi,3
矣,yi,3
知,zhi,1
矧,shen,3
矩,ju,3
矬,cuo,2
短,duan,3
矮,ai,3
矰,zeng,1
矱,yue,1
石,shi,2
矸,gan,1
矹,wu,4
矺,zhe,2
矼,gang,1
𥐞,mang,2
泵,beng,4
砂,sha,1
砄,jue,2
砅,li,4
砆,fu,1
砈,e,4
砉,xu,1
砊,kang,1
砌,qi,4
砍,kan,3
砎,jie,4
砏,fen,1
砐,e,4
砑,ya,4
砒,pi,1
砓,zhe,2
研,yan,2
砘,dun,4
砙,wa,3
䂟,jia,1
䂠,shi,3
䂡,di,3
䂢,dong,3
䂣,ci,2
䂧,zhen,3
砝,fa,3
砞,mo,4
砟,zha,3
砠,ju,1
砡,yu,4
砢,luo,3
砣,tuo,2
砥,di,3
砧,zhen,1
砩,fu,2
砪,mu,3
砫,zhu,3
砬,la,2
砭,bian,1
砮,nu,3
砯,ping,1
砰,peng,1
砱,ling,2
砳,le,4
破,po,4
砵,e,4
砷,shen,1
砸,za,2
砹,ai,4
砼,tong,2
鿬,tian,2
𥑢,bu,4
䂮,lüe,4
硅,gui,1
硇,nao,2
硈,qia,4
硊,wei,3
硋,ai,4
硌,luo,4
硍,ken,4
硎,xing,2
硐,dong,4
硒,xi,1
䂳,chua,3
硝,xiao,1
硞,que,4
硠,lang,2
硩,che,4
硪,e,2
硫,liu,2
硬,ying,4
硭,mang,2
硰,sha,1
硱,kun,3
硴,hua,1
硶,chen,3
䂷,guai,1
䂺,wo,3
䂼,nie,4
䂽,diao,4
硼,peng,2
硽,yan,1
硿,kong,1
碇,ding,4
碈,hun,1
碉,diao,1
碋,he,4
碌,lu,4
碎,sui,4
碏,que,4
碐,leng,2
碑,bei,1
碒,yin,2
碓,dui,4
碔,wu,3
碕,qi,2
碗,wan,3
碘,dian,3
碚,bei,4
碰,peng,4
𬒔,geng,3
䃎,zha,4
硾,zhui,4
碞,yan,2
碟,die,2
碡,zhou,2
碣,jie,2
碥,bian,3
碧,bi,4
碨,wei,1
碫,duan,4
碬,xia,2
碯,nao,3
碲,di,4
碳,tan,4
碴,cha,2
磁,ci,2
䃑,ban,1
碻,que,4
碾,nian,3
磃,si,1
磄,tang,2
磅,bang,4
磆,hua,2
磈,wei,3
磉,sang,3
磊,lei,3
磋,cuo,1
磌,tian,2
磍,xia,2
磏,lian,2
磐,pan,2
磓,dui,1
磔,zhe,2
磕,ke,1
磖,la,1
磘,yao,2
磙,gun,3
磤,yin,1
𥔲,e,4
䃚,cu,4
磛,chan,2
磝,ao,2
磡,kan,4
磢,qiang,3
磨,mo,2
磩,qi,1
磪,cui,1
磫,zong,1
磬,qing,4
磭,chuo,4
𥕢,cao,2
䃟,san,1
磰,shan,4
磲,qu,2
磳,zeng,1
磴,deng,4
磶,xi,4
磷,lin,2
磹,tan,2
磺,huang,2
磻,bo,1
礁,jiao,1
礃,zhang,3
礅,dun,1
䃭,gan,3
礊,ke,4
礓,jiang,1
𥖨,zao,4
䃰,ca,1
礘,qi,4
礜,yu,4
礝,ruan,3
礞,meng,2
礟,pao,4
礡,bo,2
䃲,pan,2
礢,yang,3
礣,ma,4
礤,ca,3
礧,lei,2
礨,lei,3
𥗀,liao,3
䃶,huai,2
礭,que,4
礯,ying,1
礳,mo,4
礴,bo,2
䃸,xian,4
礵,shuang,1
礶,guan,4
礷,lan,2
䃺,mo,2
示,shi,4
礻,shi,4
䃼,chu,1
礽,reng,2
社,she,4
礿,yue,4
祀,si,4
祁,qi,2
祂,ta,1
䃾,bi,3
䃿,fu,1
祆,xian,1
祇,qi,2
祈,qi,2
祉,zhi,3
祊,beng,1
祋,dui,4
祏,shi,2
祐,you,4
祑,zhi,4
祓,fu,2
祔,fu,4
祖,zu,3
祗,zhi,1
祙,mei,4
祚,zuo,4
祛,qu,1
祜,hu,4
祝,zhu,4
神,shen,2
祟,sui,4
祠,ci,2
祡,chai,2
祣,lü,3
祥,xiang,2
祧,tiao,1
票,piao,4
祩,zhu,4
祪,gui,3
祫,xia,2
祭,ji,4
祦,wu,2
祰,gao,4
祲,jin,1
祵,kun,3
祺,qi,2
祼,guan,4
祽,zui,4
祾,ling,2
禁,jin,1
禂,dao,3
禃,zhi,2
禇,zhe,3
禈,hui,1
禉,you,3
禊,xi,4
禋,yin,1
禌,zi,1
福,fu,2
禒,xian,3
禔,ti,2
禖,mei,2
禗,si,1
禘,di,4
禚,zhuo,2
禛,zhen,1
禠,si,1
禢,ta,4
禤,Xuan,1
禳,rang,2
禴,yue,4
禶,zan,4
禷,lei,4
禸,rou,2
禹,yu,3
禺,yu,2
禼,xie,4
禽,qin,2
禾,he,2
䄦,liao,3
䄧,reng,2
秀,xiu,4
私,si,1
䄩,yi,4
䄪,diao,3
秄,zi,3
秅,cha,2
秉,bing,3
秋,qiu,1
秏,hao,4
秐,yun,2
科,ke,1
秒,miao,3
秕,bi,3
秖,zhi,1
秘,mi,4
秙,ku,4
秝,li,4
租,zu,1
秠,pi,1
秣,mo,4
秤,cheng,4
秦,Qin,2
秧,yang,1
秨,zuo,2
秩,zhi,4
秪,zhi,1
秫,shu,2
秬,ju,4
秭,zi,3
秮,kuo,4
䅅,gui,1
䅈,yuan,4
秲,zhi,4
秳,huo,2
秶,zi,1
秷,zhi,4
秸,jie,1
秹,chi,3
秺,du,4
移,yi,2
䅎,you,3
秿,fu,4
稀,xi,1
稂,lang,2
稃,fu,1
稊,ti,2
程,cheng,2
稌,tu,2
稍,shao,1
稑,lu,4
稒,gu,4
稔,ren,3
稕,zhun,4
稗,bai,4
稘,ji,1
稙,zhi,4
稚,zhi,4
稛,kun,3
稞,ke,1
稠,chou,2
稡,zui,4
稥,xiang,1
䅠,ti,2
䅣,huang,2
稧,xi,4
稨,bian,3
穊,ji,4
稵,zi,1
稶,yu,4
稷,ji,4
稹,zhen,3
稻,dao,4
稼,jia,4
稽,ji,1
稿,gao,3
穁,rong,2
𥠵,fu,4
穄,ji,4
穆,mu,4
穈,mei,2
穋,lu,4
𥡤,jiao,4
䆀,mei,3
穓,yi,4
穗,sui,4
穘,xiao,1
穚,jiao,1
穛,zhuo,1
穜,tong,2
穝,zuo,1
𥢢,tui,2
穥,yu,4
穦,pin,1
穮,biao,1
穰,rang,2
穳,zan,4
穲,li,2
穵,wa,1
穸,xi,1
空,kong,1
穼,shen,1
穿,chuan,1
窀,zhun,1
䆗,yao,3
窄,zhai,3
窅,yao,3
窆,bian,3
窇,bao,2
窈,yao,3
窊,wa,1
窋,zhu,2
窌,jiao,4
𥥍,shen,1
窏,wu,1
窐,gui,1
窒,zhi,4
窔,yao,4
窕,tiao,3
𥥪,mi,3
窖,jiao,4
窗,chuang,1
窘,jiong,3
窙,xiao,1
窞,dan,4
窟,ku,1
窠,ke,1
窡,zhuo,2
窣,su,1
窨,yin,4
窫,ya,4
窬,yu,2
窳,yu,3
窴,yan,3
䆳,qiong,2
窸,xi,1
窹,wu,4
窾,kuan,3
窿,long,2
竁,cui,4
𥨍,fu,4
䆽,qu,2
立,li,4
䇂,qian,1
竎,fu,4
竏,qian,1
竑,hong,2
竘,qu,3
站,zhan,4
竣,jun,4
童,tong,2
竦,song,3
竩,yi,4
竫,jing,4
竬,qu,3
竭,jie,2
端,duan,1
竮,ping,2
竷,kan,4
竹,zhu,2
𥫗,zhu,2
竺,du,3
竻,le,4
竽,yu,2
竿,gan,1
䇘,hu,4
笅,xiao,2
笆,ba,1
笇,suan,4
笈,ji,2
笉,qin,3
笊,zhao,4
笍,zhui,4
笏,hu,4
笑,xiao,4
笒,cen,2
笓,pi,2
笖,yi,3
笘,shan,1
笙,sheng,1
笚,xia,2
笛,di,2
笞,chi,1
笟,gu,1
笠,li,4
笡,qie,4
笢,min,3
笥,si,4
符,fu,2
笨,ben,4
笩,pei,4
笪,da,2
笫,zi,3
第,di,4
笮,ze,2
笯,nu,2
笰,fu,2
笱,gou,3
笲,fan,2
笳,jia,1
笶,shi,3
笸,po,3
笹,shi,4
𥬔,qu,1
䇫,ji,1
䇭,lao,3
笄,ji,1
笿,luo,4
筀,gui,4
筁,qu,1
筄,yao,4
筅,xian,3
筇,qiong,2
筈,kuo,4
等,deng,3
筊,jiao,3
筋,jin,1
筌,quan,2
筏,fa,2
筐,kuang,1
筒,tong,3
筓,ji,1
答,da,2
筕,hang,2
策,ce,4
筘,kou,4
𥬯,kao,3
筟,fu,1
筠,yun,2
筡,jian,4
筢,pa,2
筣,li,4
筤,lang,2
筦,guan,3
筨,han,2
筪,xia,2
筫,zhi,4
筭,suan,4
筮,shi,4
筰,zuo,2
筱,xiao,3
筲,shao,1
筳,ting,2
筵,yan,2
筷,kuai,4
𥭘,chi,1
䈆,dai,4
䈈,fei,2
箁,pou,2
箃,zou,1
箄,bei,1
箅,bi,4
箈,chi,2
箉,guai,3
箊,yu,1
箌,dao,4
箍,gu,1
箐,jing,1
箑,sha,4
箔,bo,2
箕,ji,1
箖,lin,2
算,suan,4
箘,jun,4
箙,fu,2
箛,gu,1
箜,kong,1
箝,qian,2
箞,qian,1
箟,jun,4
管,guan,3
箢,yuan,1
箣,ce,4
箤,zu,2
箥,bo,3
䈞,du,3
䈡,cong,1
箬,ruo,4
箭,jian,4
箯,bian,1
箰,sun,3
箱,xiang,1
箳,ping,2
箴,zhen,1
箶,hu,2
箷,shi,1
箸,zhu,4
箼,wu,1
箿,ji,2
篁,huang,2
篂,xing,1
篅,chuan,2
篆,zhuan,4
篇,pian,1
篌,hou,2
篍,qiu,1
篎,miao,3
䈬,pu,2
䈰,shao,1
篕,he,2
篖,tang,2
篙,gao,1
篚,fei,3
篝,gou,1
篞,nie,4
篟,qian,4
篡,cuan,4
篣,pang,2
篥,li,4
篦,bi,4
篨,chu,2
篪,chi,2
𥱧,qin,2
篰,bu,4
篲,hui,4
篴,zhu,2
篷,peng,2
篹,suan,3
篻,piao,3
篼,dou,1
篽,yu,4
篾,mie,4
簁,shai,1
簃,yi,2
簅,chan,3
簇,cu,4
簉,zao,4
簋,gui,3
簌,su,4
簎,ce,4
簏,lu,4
𥲀,chao,2
𥲥,lian,2
簙,bo,2
簝,liao,2
簟,dian,4
簠,fu,3
簦,deng,1
簧,huang,2
簨,sun,3
簪,zan,1
簬,lu,4
簭,shi,4
簰,pai,2
𥳐,qian,3
𥳓,shao,1
𥴒,zhi,4
䉛,yu,4
簳,gan,3
簶,lu,4
簸,bo,3
簺,sai,4
簿,bu,4
籀,zhou,4
䉥,song,3
籈,zhen,1
籉,tai,2
籊,ti,4
籍,ji,2
𥵜,po,4
籒,fan,2
籓,fan,1
籝,ying,2
𥷑,bi,4
籥,yue,4
籦,zhong,1
籧,qu,2
𥷹,se,4
䉷,yan,2
籰,yue,4
䉹,ling,2
籱,zhuo,2
𥸣,shan,4
米,mi,3
𥸥,bo,3
𥸧,ding,4
籷,zhe,2
籸,shen,1
籹,nü,3
籺,he,2
籽,zi,3
籾,ni,2
籿,cun,4
粀,zhang,4
粁,qian,1
粄,ban,3
粅,wu,4
粈,rou,2
粉,fen,3
粎,mi,3
粑,ba,1
粒,li,4
粔,ju,4
粕,po,4
粖,mo,4
粗,cu,1
粘,zhan,1
粙,zhou,4
䊆,jiu,4
粞,xi,1
粟,su,4
粢,zi,1
粥,zhou,1
粱,liang,2
粲,can,4
粳,jing,1
粴,li,3
糀,hua,1
粹,cui,4
粼,lin,2
粽,zong,4
精,jing,1
粿,guo,3
糈,xu,3
糊,hu,2
糋,jian,4
糌,zan,1
糍,ci,2
糎,li,2
𥻗,cha,2
𫃇,ji,2
糏,xie,4
糒,bei,4
糔,xiu,3
糕,gao,1
糖,tang,2
糗,qiu,3
𥻵,shi,2
䊡,man,2
糙,cao,1
糜,mi,2
糟,zao,1
糠,kang,1
糢,mo,2
糨,jiang,4
𫃎,ma,2
䊦,ye,4
䊧,fei,4
糦,chi,4
糪,bo,4
糫,huan,2
糬,shu,3
䊮,di,2
糯,nuo,4
糱,nie,4
糳,zuo,4
糸,mi,4
系,xi,4
𫃜,kou,4
紎,zi,1
素,su,4
索,suo,3
紪,ci,3
紫,zi,3
累,lei,3
紻,yang,3
𥿝,dai,4
䋖,yu,4
絒,chou,2
絔,bai,3
絜,xie,2
絩,dao,4
絫,lei,3
絬,xie,4
絭,juan,4
絮,xu,4
絴,xiang,2
䋪,e,1
䋰,ju,2
綥,qi,4
綦,qi,2
綨,qi,2
綮,qi,3
䌀,ke,1
䌂,ou,4
緪,geng,1
緫,zong,1
緭,wei,4
緳,xie,2
𦂈,zhou,4
縠,hu,2
縢,teng,2
𦃘,zhi,4
繁,fan,2
繄,yi,1
繇,yao,2
𦄐,mi,2
䌗,fu,3
繛,chuo,4
繠,rui,3
繱,cong,1
繴,bi,4
纂,zuan,3
纃,qi,2
纅,yao,4
纛,dao,4
䌵,zhu,2
纝,lei,2
纞,lian,4
缶,fou,3
缸,gang,1
䍃,you,2
缹,fou,3
缺,que,1
䍇,ta,4
䍉,zhai,3
缿,xiang,4
罄,qing,4
罅,xia,4
罊,qi,4
罍,lei,2
䍎,cun,4
罐,guan,4
罒,wang,3
罓,gang,1
䍐,han,3
罔,wang,3
罕,han,3
罘,fu,2
䍖,fu,2
罛,gu,1
罜,zhu,3
罝,ju,1
罞,ba,0
罟,gu,3
罠,min,2
罡,gang,1
𦊓,ling,3
罣,gua,4
罤,ti,2
罥,juan,4
䍜,zhao,4
罧,shen,4
罨,yan,3
罩,zhao,4
罪,zui,4
罫,gua,4
罬,zhuo,2
罭,yu,4
置,zhi,4
署,shu,3
䍟,zong,4
罱,lan,3
罳,si,1
罶,liu,3
䍡,lu,4
罹,li,2
罺,chao,2
罻,wei,4
罽,ji,4
罾,zeng,1
羃,mi,4
羇,ji,1
羉,luan,2
鿡,ruo,2
羊,yang,2
𦍌,yang,2
羌,qiang,1
羍,da,2
美,mei,3
羏,yang,2
羑,you,3
羒,fen,2
羓,ba,1
羔,gao,1
羖,gu,3
羘,zang,1
羕,yang,4
羚,ling,2
羛,yi,4
羝,di,1
羞,xiu,1
羠,yi,2
群,qun,2
羦,huan,2
羧,suo,1
𦎓,you,1
羫,qiang,1
羬,xian,2
羭,yu,2
羯,jie,2
羰,tang,1
羱,yuan,2
羲,xi,1
䍺,huan,4
羳,fan,2
羴,shan,1
羶,shan,1
羷,lian,3
羸,lei,2
羹,geng,1
羺,nou,2
羻,qiang,4
羼,chan,4
𦏱,yang,3
羽,yu,3
羾,chong,1
羿,yi,4
翀,chong,1
翁,weng,1
翂,fen,1
翃,hong,2
翅,chi,4
𦐇,ta,4
䎃,ran,3
翇,fu,2
翈,xia,2
翉,pen,3
翊,yi,4
翋,la,1
翌,yi,4
翎,ling,2
翏,liu,4
翐,qiao,4
翔,xiang,2
翖,xi,1
翛,xiao,1
翝,hong,2
䎑,lu,4
翟,di,2
翠,cui,4
翡,fei,3
翢,dao,4
翥,zhu,4
翦,jian,3
翧,xuan,1
翨,shi,4
翩,pian,1
翪,zong,1
翭,hou,2
𦑜,ge,2
翮,he,2
翯,he,4
翰,han,4
翱,ao,2
翲,piao,1
翳,yi,4
翼,yi,4
䎖,zeng,1
翻,fan,1
𦒍,tong,2
翾,xuan,1
耀,yao,4
䎚,guan,4
耂,lao,3
老,lao,3
考,kao,3
耄,mao,4
者,zhe,3
耆,qi,2
耇,gou,3
䎜,hun,1
耋,die,2
而,er,2
䎟,er,2
䎠,er,2
耍,shua,3
耎,ruan,3
耏,er,2
耐,nai,4
耑,zhuan,1
䎡,ruan,3
𦓖,nü,4
耒,lei,3
耔,zi,3
耕,geng,1
耖,chao,4
耗,hao,4
耘,yun,2
耙,ba,4
耚,pi,1
耜,si,4
耝,qu,4
耞,jia,1
耠,huo,1
䎧,bang,4
耤,ji,2
耥,lou,3
耦,ou,3
耨,nou,4
耩,jiang,3
䎭,cao,1
耳,er,3
耴,zhe,2
𦔳,le,4
耶,ye,2
耷,da,1
耹,qin,2
耺,yun,2
耽,dan,1
耾,hong,2
耿,geng,3
聃,dan,1
聆,ling,2
聇,zheng,1
聉,zhuo,2
聊,liao,2
聏,er,2
聑,tie,1
𦕰,duo,0
聙,jing,1
聚,ju,4
聝,guo,2
聟,xu,4
聣,ni,2
鿢,hie,1
聤,ting,2
聥,yu,3
鿣,kie,1
聬,weng,1
𦗀,tian,2
聱,ao,2
𦗒,guo,1
鿤,gie,1
𦘒,nie,4
聿,yu,4
肂,si,4
肄,yi,4
肆,si,4
肇,zhao,4
肉,rou,4
䏌,qi,4
肌,ji,1
肍,qiu,2
肏,cao,4
䏎,feng,2
䏏,xu,1
肑,bo,2
肒,huan,4
肓,huang,1
肔,chi,3
肕,ren,4
肖,xiao,4
肘,zhou,3
肙,yuan,4
肚,du,4
肛,gang,1
肜,rong,2
肝,gan,1
肟,wo,4
䏐,yang,1
䏑,di,4
䏒,pian,4
䏓,ruan,3
䏔,niu,3
䏖,zhen,4
䏗,gai,4
䏘,pi,4
䏙,tan,3
䏚,chao,3
䏛,chun,3
䏜,he,1
股,gu,3
肢,zhi,1
肣,han,2
肥,fei,2
肩,jian,1
肪,fang,2
肫,zhun,1
肭,na,4
肯,ken,3
肰,ran,2
肱,gong,1
育,yu,4
肳,wen,3
肸,xi,1
肺,fei,4
肼,jing,3
肽,tai,4
䏟,bie,2
䏡,shi,4
䏣,jue,2
胂,shen,4
胃,wei,4
胄,zhou,4
胅,die,2
胇,fei,4
胈,ba,2
胉,bo,2
背,bei,4
胍,gua,1
胎,tai,1
胏,zi,3
胐,ku,1
胒,ni,4
胔,zi,3
胖,pang,4
胗,zhen,3
胘,xian,2
胙,zuo,4
胚,pei,1
胛,jia,3
胝,zhi,1
胞,bao,1
胟,chi,3
胠,qu,1
胡,hu,2
胣,yi,3
胤,yin,4
胥,xu,1
胦,yang,1
胩,ka,3
胬,nu,3
𦙫,zheng,1
𦙶,gu,3
𦙸,san,1
胭,yan,1
胮,pang,1
胯,kua,4
胰,yi,2
胱,guang,1
胲,hai,3
胳,ge,1
胴,chi,1
胵,zhi,4
胸,xiong,1
胹,er,2
胻,heng,2
胼,pian,2
能,neng,2
胾,zi,4
胿,gui,1
脁,tiao,3
脆,cui,4
脊,ji,3
脎,sa,4
脒,mi,3
𦚢,yue,1
䏱,ju,2
䏲,ti,1
脕,wan,3
脖,bo,2
脘,wan,3
脙,xiu,1
脝,heng,1
脞,cuo,3
脡,ting,3
脢,mei,2
脤,shen,4
脦,de,0
脧,zui,1
脩,xiu,1
脪,tui,4
脬,pao,1
脮,nei,3
脯,pu,2
脰,dou,4
脲,niao,4
脷,li,4
㬹,zheng,1
䐁,zhuo,2
䐃,jun,4
脺,cui,4
脼,liang,3
脽,shui,2
脾,pi,2
腄,chui,2
腅,dan,4
腆,tian,3
腇,nei,3
腈,jing,1
腍,ren,3
腐,fu,3
腑,fu,3
腒,ju,1
腓,fei,2
腔,qiang,1
腕,wan,4
腙,zong,1
腚,ding,4
𦜆,han,2
䐔,bin,3
幐,teng,2
朡,zong,1
腛,wo,4
腜,mei,2
腠,cou,4
腤,an,1
腥,xing,1
腧,shu,4
腬,rou,2
腮,sai,1
腯,tu,2
腰,yao,1
腱,jian,4
腲,wei,3
腴,yu,2
腶,duan,4
腷,bi,4
腹,fu,4
腺,xian,4
䐥,weng,3
腿,tui,3
膀,bang,3
膂,lü,3
膅,tang,2
膆,su,4
膈,ge,2
膉,yi,4
膊,bo,2
膌,ji,2
膍,pi,2
膎,xie,2
膏,gao,1
䐬,cao,2
